,date,smp_max,smp_min,smp_mean,supply,year,month,day,week,dayofweek,weekofyear,temp_max,temp_mean,temp_min
0,2018-02-01,150.65,116.84,132.71,87.47,2018,2,1,5,3,5,6.475,4.346739130434783,2.55
1,2018-02-02,163.86,116.84,134.19,86.64,2018,2,2,5,4,5,5.675000000000001,3.760416666666666,1.975
2,2018-02-03,164.07,116.85,131.39,88.28,2018,2,3,5,5,5,4.025,1.3375000000000001,-0.625
3,2018-02-04,171.0,115.76,131.89,86.14,2018,2,4,5,6,5,0.525,-1.0177083333333332,-2.3
4,2018-02-05,170.34,123.89,137.96,90.63,2018,2,5,6,0,6,1.975,-0.0770833333333333,-1.8
5,2018-02-06,167.99,119.11,140.06,91.18,2018,2,6,6,1,6,0.22499999999999998,-0.9489583333333333,-2.0
6,2018-02-07,141.07,124.11,132.76,90.09,2018,2,7,6,2,6,3.45,0.6135416666666667,-1.425
7,2018-02-08,147.42,116.84,132.91,87.57,2018,2,8,6,3,6,6.725,2.511458333333333,-0.5499999999999999
8,2018-02-09,150.7,116.84,126.95,81.63,2018,2,9,6,4,6,9.7,6.211458333333334,3.125
9,2018-02-10,147.2,116.34,130.1,83.0,2018,2,10,6,5,6,7.8500000000000005,5.911458333333333,3.0
10,2018-02-11,149.81,116.91,127.0,82.75,2018,2,11,6,6,6,4.324999999999999,2.2739583333333333,0.85
11,2018-02-12,167.78,124.68,138.91,89.2,2018,2,12,7,0,7,3.3499999999999996,1.9416666666666669,-0.22499999999999998
12,2018-02-13,146.75,126.95,132.89,85.22,2018,2,13,7,1,7,7.875000000000001,4.839583333333334,2.575
13,2018-02-14,168.73,116.84,132.9,75.44,2018,2,14,7,2,7,13.575000000000001,9.791666666666668,4.775
14,2018-02-15,142.71,116.62,129.99,74.21,2018,2,15,7,3,7,10.65,8.197916666666666,6.025
15,2018-02-16,137.18,51.12,121.13,74.96,2018,2,16,7,4,7,8.725,6.605208333333334,4.425000000000001
16,2018-02-17,152.5,107.61,126.44,78.31,2018,2,17,7,5,7,7.15,4.954166666666667,2.875
17,2018-02-18,148.28,116.91,130.39,73.8,2018,2,18,7,6,7,10.25,6.666666666666666,2.825
18,2018-02-19,151.67,116.84,133.35,77.87,2018,2,19,8,0,8,10.05,7.770833333333333,5.1
19,2018-02-20,145.99,115.16,125.54,76.98,2018,2,20,8,1,8,11.975,8.527083333333334,4.9
20,2018-02-21,167.06,116.84,134.82,81.87,2018,2,21,8,2,8,8.35,6.392708333333334,4.7
21,2018-02-22,165.91,116.84,134.31,84.73,2018,2,22,8,3,8,7.0,4.798530701754387,2.775
22,2018-02-23,143.44,116.84,128.36,80.26,2018,2,23,8,4,8,12.175,7.807291666666667,2.625
23,2018-02-24,148.34,116.63,125.61,73.9,2018,2,24,8,5,8,13.225,9.502083333333333,5.75
24,2018-02-25,144.2,116.36,126.36,74.19,2018,2,25,8,6,8,12.975000000000001,9.955208333333333,7.575000000000001
25,2018-02-26,146.47,116.84,131.38,78.89,2018,2,26,9,0,9,12.6,8.375588768115941,5.1
26,2018-02-27,171.36,116.55,129.76,74.89,2018,2,27,9,1,9,14.45,10.464583333333334,6.125
27,2018-02-28,165.98,115.09,130.85,78.61,2018,2,28,9,2,9,15.85,11.539583333333333,7.05
28,2018-03-01,181.14,119.65,134.24,80.59,2018,3,1,9,3,9,10.975,7.213541666666666,3.525
29,2018-03-02,175.15,120.62,138.56,78.97,2018,3,2,9,4,9,9.575,5.921875,3.1500000000000004
30,2018-03-03,180.97,113.75,133.78,73.19,2018,3,3,9,5,9,15.625,11.282291666666666,6.6
31,2018-03-04,154.19,94.96,128.29,65.1,2018,3,4,9,6,9,19.4,15.831249999999999,12.775
32,2018-03-05,180.0,119.48,135.75,76.46,2018,3,5,10,0,10,18.05,11.480208333333334,7.875
33,2018-03-06,181.06,120.72,134.07,76.67,2018,3,6,10,1,10,10.950000000000001,9.058333333333334,7.450000000000001
34,2018-03-07,180.18,120.76,132.96,77.36,2018,3,7,10,2,10,11.624999999999998,9.871875,8.85
35,2018-03-08,148.79,120.44,128.11,80.75,2018,3,8,10,3,10,9.475,7.570833333333334,5.0
36,2018-03-09,155.29,120.62,137.74,79.37,2018,3,9,10,4,10,8.225,5.833333333333334,3.7
37,2018-03-10,156.42,120.74,130.04,77.53,2018,3,10,10,5,10,11.675,7.872916666666667,4.625
38,2018-03-11,130.54,111.14,124.04,73.95,2018,3,11,10,6,10,12.524999999999999,8.6875,5.075000000000001
39,2018-03-12,130.55,120.47,124.43,74.94,2018,3,12,11,0,11,15.149999999999999,10.91875,6.6499999999999995
40,2018-03-13,128.39,119.18,123.89,70.51,2018,3,13,11,1,11,18.349999999999998,14.064583333333333,9.775
41,2018-03-14,133.16,116.65,125.3,67.13,2018,3,14,11,2,11,19.825,16.272916666666667,12.35
42,2018-03-15,151.53,99.61,132.88,68.89,2018,3,15,11,3,11,18.125,16.089583333333334,12.775
43,2018-03-16,157.06,112.95,131.0,76.17,2018,3,16,11,4,11,13.25,9.983333333333333,8.125
44,2018-03-17,178.47,119.61,143.32,73.2,2018,3,17,11,5,11,13.225,9.497470238095238,6.199999999999999
45,2018-03-18,155.53,119.1,133.31,66.22,2018,3,18,11,6,11,18.45,14.11875,8.275
46,2018-03-19,157.0,108.57,131.33,76.3,2018,3,19,12,0,12,16.0,13.381250000000001,10.075
47,2018-03-20,153.61,118.81,130.42,80.96,2018,3,20,12,1,12,10.725000000000001,8.80625,6.2749999999999995
48,2018-03-21,145.02,118.38,134.24,80.62,2018,3,21,12,2,12,6.875,5.491666666666666,4.15
49,2018-03-22,150.24,120.23,135.83,80.24,2018,3,22,12,3,12,9.775,6.909375,4.6
50,2018-03-23,155.68,120.5,132.32,78.27,2018,3,23,12,4,12,12.975,8.641666666666666,4.8
51,2018-03-24,157.11,116.8,129.99,72.59,2018,3,24,12,5,12,15.624999999999998,11.261956521739132,6.975
52,2018-03-25,159.98,114.86,127.22,69.3,2018,3,25,12,6,12,16.875,12.592708333333333,8.125
53,2018-03-26,155.42,119.19,129.68,71.81,2018,3,26,13,0,13,16.9,13.169956140350877,9.600000000000001
54,2018-03-27,147.7,120.46,125.03,72.05,2018,3,27,13,1,13,17.8,13.695833333333333,9.25
55,2018-03-28,145.45,115.13,129.51,69.04,2018,3,28,13,2,13,18.575000000000003,14.492708333333333,9.549999999999999
56,2018-03-29,170.18,110.7,136.7,68.56,2018,3,29,13,3,13,18.575,15.319791666666667,12.450000000000001
57,2018-03-30,179.64,113.85,133.94,68.84,2018,3,30,13,4,13,18.275,15.119791666666666,13.0
58,2018-03-31,173.16,114.06,135.34,66.5,2018,3,31,13,5,13,19.475,15.69116847826087,12.55
59,2018-04-01,152.84,117.78,129.73,62.66,2018,4,1,13,6,13,20.85,17.86875,14.825
60,2018-04-02,147.17,114.6,128.9,64.46,2018,4,2,14,0,14,21.5,18.495833333333334,16.075000000000003
61,2018-04-03,146.47,112.57,128.96,63.96,2018,4,3,14,1,14,21.775,18.483333333333334,15.849999999999998
62,2018-04-04,146.15,115.72,128.51,64.09,2018,4,4,14,2,14,21.65,18.48139880952381,16.2
63,2018-04-05,157.0,119.59,128.94,66.18,2018,4,5,14,3,14,19.1,16.610416666666666,14.725
64,2018-04-06,146.8,112.89,128.48,73.82,2018,4,6,14,4,14,17.8,12.330208333333333,8.4
65,2018-04-07,140.68,104.62,130.96,77.14,2018,4,7,14,5,14,8.975,6.836458333333334,4.574999999999999
66,2018-04-08,138.56,109.54,132.52,72.41,2018,4,8,14,6,14,14.45,10.642708333333331,5.3999999999999995
67,2018-04-09,153.33,117.05,130.04,71.3,2018,4,9,15,0,15,17.099999999999998,14.147916666666667,11.325000000000001
68,2018-04-10,148.9,112.26,127.17,65.32,2018,4,10,15,1,15,20.75,16.902083333333334,12.399999999999999
69,2018-04-11,132.11,87.0,123.6,67.31,2018,4,11,15,2,15,19.950000000000003,17.258333333333333,14.575000000000001
70,2018-04-12,149.94,88.3,122.15,65.96,2018,4,12,15,3,15,21.95,17.020833333333332,13.45
71,2018-04-13,151.95,88.55,127.18,66.34,2018,4,13,15,4,15,19.724999999999998,16.773958333333333,14.275
72,2018-04-14,156.29,87.24,118.1,66.9,2018,4,14,15,5,15,19.85,14.944791666666667,10.775
73,2018-04-15,139.97,87.93,118.32,70.95,2018,4,15,15,6,15,16.05,12.182291666666664,9.575
74,2018-04-16,143.54,120.21,126.7,69.32,2018,4,16,16,0,16,14.399999999999999,11.802083333333332,8.5
75,2018-04-17,152.17,109.58,128.95,70.04,2018,4,17,16,1,16,17.0,14.240625,12.025
76,2018-04-18,153.92,110.44,129.06,71.89,2018,4,18,16,2,16,17.425,13.4625,10.275
77,2018-04-19,147.36,120.72,131.39,70.51,2018,4,19,16,3,16,18.200000000000003,13.81875,8.3
78,2018-04-20,146.85,110.57,126.6,69.56,2018,4,20,16,4,16,19.925,15.446874999999999,10.725
79,2018-04-21,150.95,118.85,129.26,64.28,2018,4,21,16,5,16,21.8,17.45104166666667,12.5
80,2018-04-22,131.25,120.8,126.33,62.76,2018,4,22,16,6,16,20.650000000000002,19.169791666666665,18.075
81,2018-04-23,150.47,88.78,130.0,66.84,2018,4,23,17,0,17,19.700000000000003,18.447916666666664,17.025000000000002
82,2018-04-24,150.78,109.58,130.2,67.67,2018,4,24,17,1,17,17.4,15.214583333333334,13.35
83,2018-04-25,151.08,108.77,130.26,71.06,2018,4,25,17,2,17,16.8,14.128125,11.575
84,2018-04-26,158.91,116.02,130.28,68.0,2018,4,26,17,3,17,19.0,15.125,11.625
85,2018-04-27,145.25,119.45,128.72,66.32,2018,4,27,17,4,17,21.35,16.520833333333332,12.875
86,2018-04-28,137.28,118.77,126.08,63.86,2018,4,28,17,5,17,19.125,16.0625,13.125
87,2018-04-29,133.41,117.94,126.07,61.98,2018,4,29,17,6,17,18.55,16.190625,13.0
88,2018-04-30,132.7,120.22,125.65,63.19,2018,4,30,18,0,18,20.875,18.440625,16.575
89,2018-05-01,129.84,117.09,124.66,63.46,2018,5,1,18,1,18,21.3,19.191666666666666,17.200000000000003
90,2018-05-02,131.69,120.27,124.41,66.53,2018,5,2,18,2,18,22.725,17.695833333333333,13.399999999999999
91,2018-05-03,177.3,115.01,125.97,67.86,2018,5,3,18,3,18,19.125,14.826041666666667,11.45
92,2018-05-04,131.18,120.44,125.36,67.22,2018,5,4,18,4,18,20.0,15.40625,11.100000000000001
93,2018-05-05,133.71,114.07,125.65,61.13,2018,5,5,18,5,18,21.475,17.680208333333333,13.05
94,2018-05-06,129.22,80.38,120.98,61.55,2018,5,6,18,6,18,19.599999999999998,18.007291666666667,16.625
95,2018-05-07,131.68,114.16,124.83,62.69,2018,5,7,19,0,19,18.75,17.073958333333334,15.875
96,2018-05-08,149.58,109.5,128.58,64.51,2018,5,8,19,1,19,17.549999999999997,15.943750000000001,14.625
97,2018-05-09,152.16,112.58,128.99,64.78,2018,5,9,19,2,19,17.849999999999998,15.323958333333334,13.600000000000001
98,2018-05-10,150.52,113.47,127.54,66.11,2018,5,10,19,3,19,18.325000000000003,15.354166666666666,12.225
99,2018-05-11,153.79,110.78,127.95,61.16,2018,5,11,19,4,19,21.275000000000002,16.96979166666667,11.075
100,2018-05-12,130.36,113.91,124.47,60.43,2018,5,12,19,5,19,21.450000000000003,19.726041666666667,18.275000000000002
101,2018-05-13,152.86,80.7,122.69,60.61,2018,5,13,19,6,19,21.675,17.805208333333333,15.25
102,2018-05-14,148.5,116.85,129.57,63.13,2018,5,14,20,0,20,23.700000000000003,19.191666666666666,14.575
103,2018-05-15,153.76,118.78,128.76,63.72,2018,5,15,20,1,20,24.15,20.938541666666666,17.925
104,2018-05-16,151.16,115.85,128.5,67.37,2018,5,16,20,2,20,23.950000000000003,22.13854166666667,20.5
105,2018-05-17,153.96,115.02,127.86,69.54,2018,5,17,20,3,20,23.95,22.442708333333332,20.9
106,2018-05-18,153.75,114.09,131.27,66.97,2018,5,18,20,4,20,24.299999999999997,20.777083333333334,17.5
107,2018-05-19,155.13,81.54,126.92,61.92,2018,5,19,20,5,20,18.674999999999997,16.536458333333332,15.0
108,2018-05-20,138.67,66.54,105.71,61.66,2018,5,20,20,6,20,18.875,16.38125,14.45
109,2018-05-21,146.78,123.53,130.97,62.49,2018,5,21,21,0,21,20.25,17.769791666666666,15.525000000000002
110,2018-05-22,145.06,120.31,133.14,60.36,2018,5,22,21,1,21,23.6,19.617708333333333,16.7
111,2018-05-23,175.9,120.08,137.1,64.34,2018,5,23,21,2,21,21.975,18.454166666666666,16.075000000000003
112,2018-05-24,171.88,120.35,145.74,62.93,2018,5,24,21,3,21,22.6,18.688541666666666,14.55
113,2018-05-25,174.17,120.68,134.43,62.86,2018,5,25,21,4,21,22.9,19.338541666666664,16.15
114,2018-05-26,136.67,124.32,129.48,62.04,2018,5,26,21,5,21,21.975,18.069791666666667,14.9
115,2018-05-27,176.45,122.58,135.18,61.61,2018,5,27,21,6,21,22.35,19.66875,17.35
116,2018-05-28,175.69,123.11,133.92,64.45,2018,5,28,22,0,22,21.25,19.414583333333333,18.275000000000002
117,2018-05-29,171.07,124.93,138.52,64.45,2018,5,29,22,1,22,23.125,20.336458333333333,18.700000000000003
118,2018-05-30,173.67,124.33,140.81,65.18,2018,5,30,22,2,22,23.1,20.609375,18.85
119,2018-05-31,176.69,124.97,132.31,62.62,2018,5,31,22,3,22,21.7,19.036458333333336,16.825
120,2018-06-01,152.46,135.39,144.78,63.87,2018,6,1,22,4,22,24.425000000000004,20.278125000000003,15.6
121,2018-06-02,170.78,126.35,134.85,62.74,2018,6,2,22,5,22,24.975,21.804166666666667,18.85
122,2018-06-03,164.63,126.47,134.25,61.77,2018,6,3,22,6,22,24.025,21.202083333333334,18.65
123,2018-06-04,166.75,126.21,141.64,64.6,2018,6,4,23,0,23,25.200000000000003,21.8875,18.375
124,2018-06-05,189.63,126.82,140.21,64.38,2018,6,5,23,1,23,22.375,20.0375,18.925
125,2018-06-06,164.94,127.09,134.7,62.86,2018,6,6,23,2,23,23.0,20.666666666666668,18.675
126,2018-06-07,188.69,112.67,145.34,64.56,2018,6,7,23,3,23,23.9,21.057291666666668,18.4
127,2018-06-08,150.57,135.01,140.51,63.89,2018,6,8,23,4,23,23.85,21.063541666666666,18.725
128,2018-06-09,148.49,111.48,141.16,61.33,2018,6,9,23,5,23,24.950000000000003,21.36875,18.2
129,2018-06-10,189.58,112.71,142.21,60.38,2018,6,10,23,6,23,21.55,20.20625,18.775
130,2018-06-11,189.93,130.94,144.93,63.24,2018,6,11,24,0,24,21.225,19.167708333333334,17.799999999999997
131,2018-06-12,148.51,133.21,142.29,63.02,2018,6,12,24,1,24,23.75,20.77916666666667,18.2
132,2018-06-13,151.1,133.15,140.6,62.43,2018,6,13,24,2,24,24.9,21.117708333333333,17.775
133,2018-06-14,166.13,130.71,144.33,64.73,2018,6,14,24,3,24,25.05,21.635416666666668,18.85
134,2018-06-15,158.7,127.22,135.96,63.37,2018,6,15,24,4,24,23.3,21.052083333333332,19.0
135,2018-06-16,163.96,127.74,135.25,61.36,2018,6,16,24,5,24,22.599999999999998,20.12083333333333,17.924999999999997
136,2018-06-17,164.8,127.43,139.19,61.55,2018,6,17,24,6,24,23.799999999999997,20.54791666666667,18.275
137,2018-06-18,162.71,126.58,140.62,65.28,2018,6,18,25,0,25,23.575000000000003,21.292708333333334,19.075000000000003
138,2018-06-19,154.82,110.71,141.52,66.21,2018,6,19,25,1,25,22.475,21.216666666666665,19.424999999999997
139,2018-06-20,160.69,85.85,140.43,66.29,2018,6,20,25,2,25,24.124999999999996,21.636458333333334,19.5
140,2018-06-21,159.66,126.09,146.03,67.61,2018,6,21,25,3,25,26.075000000000003,22.51458333333333,19.775
141,2018-06-22,163.85,130.62,144.27,67.33,2018,6,22,25,4,25,24.8,22.153125,19.4
142,2018-06-23,162.2,125.93,136.96,63.98,2018,6,23,25,5,25,24.575,21.411458333333332,18.150000000000002
143,2018-06-24,163.81,126.45,137.05,64.67,2018,6,24,25,6,25,27.175,23.211458333333333,19.225
144,2018-06-25,158.12,126.14,143.37,69.63,2018,6,25,26,0,26,26.025000000000002,23.255208333333332,19.625
145,2018-06-26,149.9,126.02,141.39,77.04,2018,6,26,26,1,26,26.825,25.15416666666667,23.525
146,2018-06-27,150.95,126.45,142.24,74.48,2018,6,27,26,2,26,25.625,24.48125,23.425
147,2018-06-28,151.13,125.29,139.11,74.48,2018,6,28,26,3,26,25.0,23.734375,22.549999999999997
148,2018-06-29,170.55,126.22,138.47,73.4,2018,6,29,26,4,26,27.15,23.671874999999996,22.424999999999997
149,2018-06-30,186.8,87.17,135.26,66.93,2018,6,30,26,5,26,24.925,23.317708333333336,21.9
150,2018-07-01,189.6,124.2,153.22,68.48,2018,7,1,26,6,26,27.75,25.493750000000002,22.95
151,2018-07-02,181.67,122.39,148.69,74.89,2018,7,2,27,0,27,28.525000000000002,26.21770833333333,24.425
152,2018-07-03,149.19,130.93,143.05,69.55,2018,7,3,27,1,27,26.375,24.392708333333335,23.025000000000002
153,2018-07-04,148.23,123.28,142.34,75.19,2018,7,4,27,2,27,28.8,25.663541666666667,23.599999999999998
154,2018-07-05,157.89,69.48,132.74,74.46,2018,7,5,27,3,27,26.4,24.348958333333336,23.224999999999998
155,2018-07-06,153.99,67.72,139.86,71.7,2018,7,6,27,4,27,23.725,22.70208333333333,21.65
156,2018-07-07,181.92,68.51,145.15,63.2,2018,7,7,27,5,27,23.025000000000002,21.463541666666664,20.525
157,2018-07-08,153.47,59.88,130.17,63.0,2018,7,8,27,6,27,22.974999999999998,21.232291666666665,19.675
158,2018-07-09,161.81,56.97,132.78,73.64,2018,7,9,28,0,28,27.525,24.277083333333334,21.375
159,2018-07-10,172.55,131.08,153.14,78.7,2018,7,10,28,1,28,29.375,26.546875,24.25
160,2018-07-11,175.15,127.66,153.37,82.91,2018,7,11,28,2,28,30.15,27.492708333333336,25.85
161,2018-07-12,195.16,138.39,157.29,83.64,2018,7,12,28,3,28,28.9,26.793750000000003,25.4
162,2018-07-13,162.81,146.84,154.04,82.69,2018,7,13,28,4,28,28.425,26.3375,24.45
163,2018-07-14,187.16,138.4,157.14,78.97,2018,7,14,28,5,28,28.8,26.1625,23.675
164,2018-07-15,180.81,124.78,148.33,78.25,2018,7,15,28,6,28,28.65,26.236458333333335,23.9
165,2018-07-16,173.55,126.72,154.81,85.44,2018,7,16,29,0,29,29.299999999999997,26.621180555555554,24.050000000000004
166,2018-07-17,187.65,134.21,159.18,85.99,2018,7,17,29,1,29,29.450000000000003,27.06145833333333,24.5
167,2018-07-18,196.0,122.9,155.71,85.51,2018,7,18,29,2,29,29.875,27.201041666666665,24.575000000000003
168,2018-07-19,192.66,137.96,158.08,86.7,2018,7,19,29,3,29,30.675,27.436458333333334,24.3
169,2018-07-20,237.49,138.49,164.65,88.53,2018,7,20,29,4,29,31.075,28.232291666666665,25.425
170,2018-07-21,188.67,137.9,156.28,84.71,2018,7,21,29,5,29,32.7,29.245833333333334,26.325000000000003
171,2018-07-22,188.06,137.65,153.98,79.81,2018,7,22,29,6,29,30.299999999999997,28.714583333333334,27.3
172,2018-07-23,194.48,138.01,164.75,90.07,2018,7,23,30,0,30,31.199999999999996,28.540625000000002,26.775000000000002
173,2018-07-24,191.64,138.41,160.71,89.97,2018,7,24,30,1,30,30.275,28.044791666666665,26.65
174,2018-07-25,193.35,138.39,158.57,92.74,2018,7,25,30,2,30,30.925,28.121875,26.25
175,2018-07-26,193.89,141.27,160.8,92.05,2018,7,26,30,3,30,30.375,27.947916666666668,25.75
176,2018-07-27,190.02,138.48,161.61,93.11,2018,7,27,30,4,30,31.9,28.522916666666667,25.625
177,2018-07-28,193.6,137.79,155.69,88.82,2018,7,28,30,5,30,31.025,28.611458333333335,26.975
178,2018-07-29,195.26,136.9,154.16,86.99,2018,7,29,30,6,30,31.85,28.7375,26.5
179,2018-07-30,183.46,130.52,157.47,88.39,2018,7,30,31,0,31,30.925000000000004,28.571875,27.0
180,2018-07-31,189.61,138.33,161.64,89.98,2018,7,31,31,1,31,31.725,28.82604166666667,26.85
181,2018-08-01,191.07,141.6,162.28,92.4,2018,8,1,31,2,31,31.624999999999996,29.022916666666667,26.849999999999998
182,2018-08-02,192.35,141.75,162.43,92.27,2018,8,2,31,3,31,32.574999999999996,29.620833333333334,27.025
183,2018-08-03,189.78,141.77,161.79,89.04,2018,8,3,31,4,31,30.450000000000003,28.442708333333336,27.0
184,2018-08-04,195.55,142.01,162.27,88.3,2018,8,4,31,5,31,30.65,28.586458333333333,26.950000000000003
185,2018-08-05,188.12,141.66,157.76,87.44,2018,8,5,31,6,31,32.275,28.747916666666665,25.9
186,2018-08-06,182.5,140.03,166.06,94.94,2018,8,6,32,0,32,31.625,29.11354166666667,27.174999999999997
187,2018-08-07,194.44,141.77,159.01,94.05,2018,8,7,32,1,32,31.075,28.830208333333335,26.875
188,2018-08-08,192.27,141.81,166.09,93.7,2018,8,8,32,2,32,31.6,28.87083333333333,26.45
189,2018-08-09,183.46,141.77,166.85,93.81,2018,8,9,32,3,32,31.7,28.928124999999998,27.1
190,2018-08-10,195.84,141.77,163.26,94.18,2018,8,10,32,4,32,32.35,29.042708333333334,26.525
191,2018-08-11,195.58,141.87,159.61,86.47,2018,8,11,32,5,32,31.749999999999996,28.754166666666666,27.099999999999998
192,2018-08-12,172.46,141.67,156.64,85.67,2018,8,12,32,6,32,31.725,29.261458333333334,27.025000000000002
193,2018-08-13,190.77,136.36,166.37,94.15,2018,8,13,33,0,33,31.9,29.568749999999998,27.875
194,2018-08-14,193.17,141.77,164.43,94.66,2018,8,14,33,1,33,32.95,30.132291666666664,27.674999999999997
195,2018-08-15,194.22,141.68,163.58,90.4,2018,8,15,33,2,33,32.824999999999996,29.589583333333334,27.025000000000002
196,2018-08-16,195.4,141.45,159.37,85.75,2018,8,16,33,3,33,28.25,27.330208333333335,25.725
197,2018-08-17,195.1,141.81,159.15,76.87,2018,8,17,33,4,33,28.625,26.65625,25.0
198,2018-08-18,180.96,142.06,157.84,75.66,2018,8,18,33,5,33,30.125,26.463541666666664,24.15
199,2018-08-19,188.58,141.97,150.05,78.31,2018,8,19,33,6,33,30.050000000000004,27.010416666666668,24.125
200,2018-08-20,193.76,140.67,160.14,85.18,2018,8,20,34,0,34,30.349999999999998,27.9875,26.425
201,2018-08-21,178.02,139.98,156.51,85.92,2018,8,21,34,1,34,30.45,27.461458333333333,24.250000000000004
202,2018-08-22,180.84,140.76,151.56,84.2,2018,8,22,34,2,34,30.925,28.133333333333333,25.725
203,2018-08-23,186.53,133.68,154.32,71.37,2018,8,23,34,3,34,26.45,25.097916666666663,23.9
204,2018-08-24,182.2,136.66,161.45,78.36,2018,8,24,34,4,34,27.9,25.571875000000002,23.750000000000004
205,2018-08-25,152.62,140.98,146.93,77.62,2018,8,25,34,5,34,28.775,25.760416666666664,23.4
206,2018-08-26,181.71,140.6,152.21,77.68,2018,8,26,34,6,34,29.25,27.019791666666666,25.650000000000002
207,2018-08-27,174.47,140.21,158.96,86.16,2018,8,27,35,0,35,29.325000000000003,27.11875,25.475
208,2018-08-28,188.05,137.36,160.68,85.52,2018,8,28,35,1,35,29.3,27.196875,25.75
209,2018-08-29,182.67,133.71,160.84,85.31,2018,8,29,35,2,35,30.225,27.159375,25.025
210,2018-08-30,174.29,134.14,159.08,87.98,2018,8,30,35,3,35,30.525,27.55,25.650000000000002
211,2018-08-31,173.88,130.84,157.16,87.9,2018,8,31,35,4,35,30.400000000000002,27.847916666666666,25.925
212,2018-09-01,191.98,138.09,159.37,77.7,2018,9,1,35,5,35,27.875,25.401041666666664,23.175
213,2018-09-02,192.16,144.57,160.98,75.6,2018,9,2,35,6,35,27.95,25.138541666666665,22.85
214,2018-09-03,184.94,146.21,164.31,80.97,2018,9,3,36,0,36,28.8,26.352083333333333,24.700000000000003
215,2018-09-04,197.9,144.31,167.35,77.07,2018,9,4,36,1,36,28.85,25.925,23.4
216,2018-09-05,182.72,142.5,165.95,76.07,2018,9,5,36,2,36,28.575000000000003,25.271874999999998,22.325
217,2018-09-06,183.49,145.52,163.21,74.66,2018,9,6,36,3,36,26.725,24.829166666666666,22.975
218,2018-09-07,187.05,143.98,160.74,72.23,2018,9,7,36,4,36,25.225,23.241666666666667,20.65
219,2018-09-08,182.17,146.63,163.1,64.52,2018,9,8,36,5,36,23.625,21.743750000000002,19.525000000000002
220,2018-09-09,192.99,134.33,160.6,64.55,2018,9,9,36,6,36,25.725,22.299999999999997,18.725
221,2018-09-10,181.2,142.27,164.46,66.27,2018,9,10,37,0,37,25.625,22.859375,20.0
222,2018-09-11,159.39,136.48,153.44,67.07,2018,9,11,37,1,37,25.049999999999997,22.583333333333332,21.025
223,2018-09-12,161.79,140.2,154.31,70.07,2018,9,12,37,2,37,25.275,23.278125,21.6
224,2018-09-13,182.81,88.82,159.42,69.73,2018,9,13,37,3,37,24.599999999999998,23.458333333333332,22.075
225,2018-09-14,164.46,88.86,152.8,73.81,2018,9,14,37,4,37,26.725,24.83020833333333,23.299999999999997
226,2018-09-15,202.18,146.58,156.98,71.67,2018,9,15,37,5,37,27.875,24.891666666666666,22.85
227,2018-09-16,192.15,59.25,149.37,70.28,2018,9,16,37,6,37,27.599999999999998,24.901041666666668,22.475
228,2018-09-17,165.94,57.35,142.54,71.83,2018,9,17,38,0,38,26.425,23.735416666666666,22.125
229,2018-09-18,175.98,136.16,161.28,71.48,2018,9,18,38,1,38,27.2,24.384375,22.475
230,2018-09-19,202.38,148.84,164.38,69.06,2018,9,19,38,2,38,25.35,23.057291666666668,20.6
231,2018-09-20,202.36,148.84,168.13,75.67,2018,9,20,38,3,38,27.725,24.998958333333338,22.525
232,2018-09-21,173.15,154.78,163.15,75.01,2018,9,21,38,4,38,27.275,24.504166666666666,23.025000000000002
233,2018-09-22,202.69,155.17,168.32,67.86,2018,9,22,38,5,38,26.65,23.79583333333333,21.65
234,2018-09-23,181.03,148.72,166.88,64.43,2018,9,23,38,6,38,26.625,23.59166666666667,20.9
235,2018-09-24,202.45,148.72,159.74,55.95,2018,9,24,39,0,39,23.174999999999997,21.409375,18.45
236,2018-09-25,203.75,148.72,163.38,59.69,2018,9,25,39,1,39,23.1,20.54375,17.15
237,2018-09-26,181.36,148.72,165.43,62.48,2018,9,26,39,2,39,24.95,22.11875,20.325
238,2018-09-27,174.3,156.65,164.26,64.55,2018,9,27,39,3,39,23.775,21.290625,18.95
239,2018-09-28,197.92,148.84,172.56,65.37,2018,9,28,39,4,39,24.550000000000004,22.04375,19.725
240,2018-09-29,198.46,148.66,169.26,62.83,2018,9,29,39,5,39,22.2,20.331249999999997,17.975
241,2018-09-30,200.6,148.72,162.18,61.44,2018,9,30,39,6,39,24.925,21.603125000000002,19.475
242,2018-10-01,177.51,145.83,162.93,63.94,2018,10,1,40,0,40,22.95,20.10625,17.975
243,2018-10-02,179.15,145.83,160.02,64.02,2018,10,2,40,1,40,22.75,19.86875,17.35
244,2018-10-03,195.92,144.98,156.42,62.83,2018,10,3,40,2,40,21.724999999999998,18.823958333333334,15.975
245,2018-10-04,155.12,144.99,149.29,64.79,2018,10,4,40,3,40,22.474999999999998,20.272916666666667,17.75
246,2018-10-05,184.71,146.21,156.58,66.22,2018,10,5,40,4,40,23.675,21.713541666666664,20.525
247,2018-10-06,185.08,145.8,156.5,61.61,2018,10,6,40,5,40,24.4,21.779166666666665,19.675
248,2018-10-07,201.46,146.03,151.21,60.22,2018,10,7,40,6,40,23.075000000000003,20.405208333333334,17.950000000000003
249,2018-10-08,185.02,145.6,156.0,63.3,2018,10,8,41,0,41,21.725,18.85625,16.5
250,2018-10-09,186.79,145.86,156.04,63.08,2018,10,9,41,1,41,21.650000000000002,19.741666666666667,17.125
251,2018-10-10,186.37,146.26,155.69,63.75,2018,10,10,41,2,41,20.0,18.192708333333332,16.150000000000002
252,2018-10-11,183.1,145.68,163.67,63.92,2018,10,11,41,3,41,17.924999999999997,15.664583333333333,13.725000000000001
253,2018-10-12,182.72,145.83,163.03,63.89,2018,10,12,41,4,41,17.775,14.930208333333333,12.225000000000001
254,2018-10-13,153.3,145.78,147.91,62.78,2018,10,13,41,5,41,18.825000000000003,15.264583333333333,11.525000000000002
255,2018-10-14,201.46,145.25,152.53,62.41,2018,10,14,41,6,41,19.75,17.309375,14.075
256,2018-10-15,191.45,145.81,159.02,64.62,2018,10,15,42,0,42,20.9,18.503125,16.275
257,2018-10-16,173.94,145.14,158.66,65.52,2018,10,16,42,1,42,18.95,16.051041666666666,13.25
258,2018-10-17,180.46,145.86,164.75,64.91,2018,10,17,42,2,42,19.675,16.678125,13.774999999999999
259,2018-10-18,182.92,145.83,165.93,65.57,2018,10,18,42,3,42,18.5,16.006249999999998,13.5
260,2018-10-19,180.63,145.83,163.96,64.94,2018,10,19,42,4,42,18.85,15.476041666666667,11.55
261,2018-10-20,186.22,145.25,158.1,63.03,2018,10,20,42,5,42,19.700000000000003,15.959375,12.725000000000001
262,2018-10-21,182.81,145.15,159.32,61.18,2018,10,21,42,6,42,20.575000000000003,16.839583333333334,13.175
263,2018-10-22,196.46,145.73,163.55,65.5,2018,10,22,43,0,43,20.175,16.997916666666665,14.05
264,2018-10-23,201.17,144.86,162.86,64.52,2018,10,23,43,1,43,21.35,18.37083333333333,15.999999999999998
265,2018-10-24,175.53,145.42,162.01,64.4,2018,10,24,43,2,43,19.1,16.502083333333335,13.85
266,2018-10-25,173.0,145.83,160.86,64.21,2018,10,25,43,3,43,21.55,16.889583333333334,11.95
267,2018-10-26,200.68,145.65,164.69,64.43,2018,10,26,43,4,43,20.775,18.267708333333335,16.425
268,2018-10-27,174.85,145.56,160.75,62.45,2018,10,27,43,5,43,17.25,15.117708333333335,13.55
269,2018-10-28,201.49,145.69,159.61,61.19,2018,10,28,43,6,43,19.700000000000003,16.359375,11.675
270,2018-10-29,195.83,145.83,162.77,64.8,2018,10,29,44,0,44,21.65,17.32916666666667,13.2
271,2018-10-30,187.53,145.83,155.85,65.53,2018,10,30,44,1,44,17.125,14.244791666666668,12.2
272,2018-10-31,201.43,146.24,157.79,65.95,2018,10,31,44,2,44,16.375,13.23125,10.75
273,2018-11-01,203.85,154.32,168.74,66.26,2018,11,1,44,3,44,15.675,12.929166666666665,10.525
274,2018-11-02,171.9,142.44,161.82,65.76,2018,11,2,44,4,44,18.65,14.127083333333333,10.275
275,2018-11-03,177.65,141.48,163.33,63.87,2018,11,3,44,5,44,18.5,15.040625,11.575
276,2018-11-04,179.9,141.9,165.42,62.7,2018,11,4,44,6,44,19.125,15.3625,12.100000000000001
277,2018-11-05,205.86,145.81,168.12,65.79,2018,11,5,45,0,45,18.85,15.182291666666666,11.65
278,2018-11-06,204.17,144.71,168.46,66.14,2018,11,6,45,1,45,19.975,16.485416666666666,13.25
279,2018-11-07,193.55,149.94,161.39,65.59,2018,11,7,45,2,45,19.75,17.780208333333334,15.725
280,2018-11-08,187.11,149.94,160.19,66.9,2018,11,8,45,3,45,20.575000000000003,18.228125000000002,14.625
281,2018-11-09,180.57,149.94,163.48,66.77,2018,11,9,45,4,45,17.15,14.758333333333333,11.8
282,2018-11-10,185.79,149.58,166.77,64.49,2018,11,10,45,5,45,17.625,13.723958333333334,10.325
283,2018-11-11,167.48,100.04,152.12,62.92,2018,11,11,45,6,45,18.174999999999997,14.678125,11.1
284,2018-11-12,184.04,133.73,165.63,67.05,2018,11,12,46,0,46,15.375,13.941666666666666,12.625
285,2018-11-13,185.26,143.01,162.92,67.35,2018,11,13,46,1,46,15.65,13.390625,11.775
286,2018-11-14,190.0,147.26,164.99,68.11,2018,11,14,46,2,46,16.775,13.407291666666666,10.675
287,2018-11-15,182.36,141.48,159.4,66.41,2018,11,15,46,3,46,19.4,15.548958333333333,11.3
288,2018-11-16,171.31,101.11,154.59,67.26,2018,11,16,46,4,46,16.7,14.890625,13.274999999999999
289,2018-11-17,172.02,99.67,156.76,66.29,2018,11,17,46,5,46,15.475000000000001,12.972916666666666,11.05
290,2018-11-18,166.53,95.48,148.43,66.14,2018,11,18,46,6,46,13.649999999999999,11.9125,10.25
291,2018-11-19,161.95,134.92,154.05,69.59,2018,11,19,47,0,47,15.25,12.60625,10.350000000000001
292,2018-11-20,163.5,147.68,156.51,70.5,2018,11,20,47,1,47,15.549999999999999,11.879166666666666,8.775
293,2018-11-21,160.43,144.61,154.65,69.77,2018,11,21,47,2,47,16.25,12.786458333333334,9.925
294,2018-11-22,169.43,146.41,156.96,73.43,2018,11,22,47,3,47,12.774999999999999,10.257291666666667,7.1
295,2018-11-23,206.5,149.07,162.23,73.38,2018,11,23,47,4,47,12.375,8.805208333333333,6.1
296,2018-11-24,177.86,102.11,152.31,67.55,2018,11,24,47,5,47,17.85,13.683333333333334,8.2
297,2018-11-25,183.49,98.81,153.78,66.51,2018,11,25,47,6,47,15.975,12.692708333333334,9.55
298,2018-11-26,165.59,99.82,154.21,69.48,2018,11,26,48,0,48,16.975,14.055208333333333,10.4
299,2018-11-27,163.26,139.53,155.4,69.31,2018,11,27,48,1,48,17.75,14.470833333333335,11.975000000000001
300,2018-11-28,204.02,140.26,163.78,71.08,2018,11,28,48,2,48,16.175,13.175,10.600000000000001
301,2018-11-29,204.23,144.53,162.1,70.04,2018,11,29,48,3,48,17.575000000000003,13.121875000000001,9.125
302,2018-11-30,185.96,149.17,164.16,69.44,2018,11,30,48,4,48,16.65,13.266666666666667,10.6
303,2018-12-01,189.08,106.18,169.49,67.57,2018,12,1,48,5,48,16.3,13.714583333333334,11.674999999999999
304,2018-12-02,193.06,88.98,161.04,64.17,2018,12,2,48,6,48,20.35,17.478125,14.325000000000001
305,2018-12-03,196.23,160.5,173.87,67.14,2018,12,3,49,0,49,21.275,18.897916666666667,17.15
306,2018-12-04,194.37,140.39,175.42,70.67,2018,12,4,49,1,49,18.849999999999998,15.118749999999999,11.725
307,2018-12-05,196.52,142.83,170.85,73.29,2018,12,5,49,2,49,12.374999999999998,10.485416666666667,8.625
308,2018-12-06,219.62,155.96,174.03,75.18,2018,12,6,49,3,49,12.625,10.080208333333333,8.75
309,2018-12-07,216.15,156.96,178.78,81.61,2018,12,7,49,4,49,10.175,5.623958333333333,2.85
310,2018-12-08,217.74,151.6,168.4,80.06,2018,12,8,49,5,49,6.050000000000001,3.7802083333333334,2.15
311,2018-12-09,195.18,89.28,168.12,78.29,2018,12,9,49,6,49,4.65,3.557291666666667,2.425
312,2018-12-10,201.14,154.04,176.1,79.78,2018,12,10,50,0,50,10.225,6.996875,4.15
313,2018-12-11,219.71,152.11,170.77,79.03,2018,12,11,50,1,50,10.875,9.295833333333333,7.6000000000000005
314,2018-12-12,194.73,148.38,175.2,84.42,2018,12,12,50,2,50,8.924999999999999,6.842708333333333,5.25
315,2018-12-13,219.21,151.06,174.66,83.11,2018,12,13,50,3,50,9.25,7.231249999999999,5.025
316,2018-12-14,199.22,149.14,173.6,83.54,2018,12,14,50,4,50,7.375,5.689583333333334,3.8999999999999995
317,2018-12-15,198.86,161.02,173.94,79.37,2018,12,15,50,5,50,9.524999999999999,6.103125,2.45
318,2018-12-16,175.56,151.39,166.51,74.17,2018,12,16,50,6,50,10.325,9.134375,6.7
319,2018-12-17,177.14,161.58,166.48,82.0,2018,12,17,51,0,51,11.425,9.829166666666667,8.325000000000001
320,2018-12-18,201.05,161.49,172.24,80.85,2018,12,18,51,1,51,11.850000000000001,9.077083333333333,6.15
321,2018-12-19,176.76,161.0,167.02,73.9,2018,12,19,51,2,51,16.95,12.787500000000001,6.85
322,2018-12-20,218.66,155.58,168.83,76.57,2018,12,20,51,3,51,15.700000000000001,12.783333333333333,11.375000000000002
323,2018-12-21,216.32,149.78,173.92,71.74,2018,12,21,51,4,51,17.3,14.940624999999999,11.899999999999999
324,2018-12-22,177.75,103.24,163.91,71.11,2018,12,22,51,5,51,15.55,13.013541666666667,11.05
325,2018-12-23,198.5,147.55,170.15,74.77,2018,12,23,51,6,51,12.475,10.227083333333333,7.449999999999999
326,2018-12-24,214.49,160.5,170.59,80.25,2018,12,24,52,0,52,8.600000000000001,6.654166666666667,4.525
327,2018-12-25,191.42,147.53,169.78,74.63,2018,12,25,52,1,52,10.4,7.611458333333333,4.449999999999999
328,2018-12-26,205.36,161.71,172.32,80.19,2018,12,26,52,2,52,10.2,8.820833333333333,7.225
329,2018-12-27,208.27,161.88,174.74,89.53,2018,12,27,52,3,52,7.324999999999999,4.035416666666666,1.575
330,2018-12-28,214.13,161.88,180.16,90.76,2018,12,28,52,4,52,3.05,1.7302083333333331,0.5750000000000001
331,2018-12-29,209.51,152.53,171.66,86.13,2018,12,29,52,5,52,4.175,2.686458333333333,1.0499999999999998
332,2018-12-30,200.64,159.99,175.13,84.29,2018,12,30,52,6,52,4.25,3.23125,1.725
333,2018-12-31,211.99,104.37,170.41,85.75,2018,12,31,1,0,1,6.200000000000001,4.679166666666667,3.2
334,2019-01-01,168.22,71.64,138.28,81.11,2019,1,1,1,1,1,6.025,5.094791666666667,4.275
335,2019-01-02,192.93,142.55,158.79,90.17,2019,1,2,1,2,1,6.425,4.888541666666667,3.9749999999999996
336,2019-01-03,183.19,145.41,155.71,87.34,2019,1,3,1,3,1,8.025,5.43125,3.3
337,2019-01-04,175.35,142.88,157.04,85.2,2019,1,4,1,4,1,10.325,6.775,4.025
338,2019-01-05,164.41,106.06,147.77,83.75,2019,1,5,1,5,1,9.475,7.4697916666666675,5.925
339,2019-01-06,192.13,100.08,152.83,82.32,2019,1,6,1,6,1,8.125,6.417708333333334,5.075
340,2019-01-07,193.97,140.41,160.03,85.12,2019,1,7,2,0,2,9.1,6.820833333333334,4.75
341,2019-01-08,190.67,146.52,153.94,88.68,2019,1,8,2,1,2,9.2,7.136458333333334,4.325
342,2019-01-09,193.5,146.75,160.34,88.52,2019,1,9,2,2,2,6.1,4.479166666666667,2.475
343,2019-01-10,192.45,144.49,161.03,86.79,2019,1,10,2,3,2,8.55,6.994791666666666,5.575
344,2019-01-11,192.51,138.01,158.77,83.32,2019,1,11,2,4,2,9.625,7.757291666666667,6.325
345,2019-01-12,192.24,138.99,160.42,80.81,2019,1,12,2,5,2,10.850000000000001,8.944791666666667,7.325
346,2019-01-13,192.73,99.82,155.67,81.62,2019,1,13,2,6,2,9.75,7.710416666666667,5.85
347,2019-01-14,188.16,132.94,159.58,83.8,2019,1,14,3,0,3,10.0,7.288541666666667,4.8
348,2019-01-15,192.02,145.62,159.06,87.05,2019,1,15,3,1,3,9.975,7.471875000000001,4.25
349,2019-01-16,190.29,146.36,162.0,93.47,2019,1,16,3,2,3,4.8,3.2750000000000004,2.15
350,2019-01-17,190.62,145.95,161.14,91.6,2019,1,17,3,3,3,7.124999999999999,5.028125,3.025
351,2019-01-18,192.89,146.36,157.9,86.66,2019,1,18,3,4,3,10.225,6.261458333333334,3.25
352,2019-01-19,181.87,142.17,158.5,79.6,2019,1,19,3,5,3,13.075000000000001,9.391666666666667,4.625
353,2019-01-20,183.54,99.68,151.87,84.96,2019,1,20,3,6,3,11.525,7.573958333333334,3.9000000000000004
354,2019-01-21,190.33,142.64,162.12,88.0,2019,1,21,4,0,4,8.375,5.609374999999999,3.25
355,2019-01-22,191.35,142.51,159.34,86.77,2019,1,22,4,1,4,11.3,7.726041666666666,5.2
356,2019-01-23,189.0,131.17,159.2,86.03,2019,1,23,4,2,4,12.275,8.446875,5.425
357,2019-01-24,190.28,144.51,161.19,85.09,2019,1,24,4,3,4,10.100000000000001,7.046875,4.4
358,2019-01-25,187.64,141.19,161.04,87.41,2019,1,25,4,4,4,9.975,6.410416666666666,3.375
359,2019-01-26,193.46,144.19,158.62,89.98,2019,1,26,4,5,4,5.675,3.9104166666666664,2.5
360,2019-01-27,181.53,139.31,154.61,84.16,2019,1,27,4,6,4,8.875,5.637499999999999,2.825
361,2019-01-28,191.86,110.86,159.11,87.08,2019,1,28,5,0,5,10.625,7.639583333333334,4.525
362,2019-01-29,189.75,133.91,163.04,84.98,2019,1,29,5,1,5,9.325,5.992708333333333,2.65
363,2019-01-30,182.75,109.43,155.18,82.15,2019,1,30,5,2,5,10.5,8.295833333333333,6.824999999999999
364,2019-01-31,194.05,110.62,156.54,91.6,2019,1,31,5,3,5,7.699999999999999,5.214583333333334,3.25
365,2019-02-01,159.88,116.4,133.5,87.95,2019,2,1,5,4,5,6.775,4.4913043478260875,2.7750000000000004
366,2019-02-02,168.75,110.92,136.94,79.2,2019,2,2,5,5,5,12.974999999999998,8.520833333333334,3.7749999999999995
367,2019-02-03,166.91,61.72,134.62,73.06,2019,2,3,5,6,5,16.925,13.544886363636364,9.25
368,2019-02-04,169.52,114.13,131.18,78.3,2019,2,4,6,0,6,9.65,7.384375,4.824999999999999
369,2019-02-05,142.88,53.16,121.25,73.45,2019,2,5,6,1,6,13.0,8.885416666666666,4.075
370,2019-02-06,160.1,61.72,129.16,72.49,2019,2,6,6,2,6,15.400000000000002,11.898958333333335,9.15
371,2019-02-07,166.84,125.04,136.11,85.25,2019,2,7,6,3,6,12.55,8.270833333333332,3.575
372,2019-02-08,165.46,124.76,139.99,85.17,2019,2,8,6,4,6,5.9750000000000005,4.1572916666666675,2.55
373,2019-02-09,164.0,122.58,140.41,89.63,2019,2,9,6,5,6,5.300000000000001,3.463541666666667,2.0
374,2019-02-10,166.69,126.75,142.92,84.03,2019,2,10,6,6,6,4.9,3.5322916666666666,2.425
375,2019-02-11,164.14,125.04,141.05,90.72,2019,2,11,7,0,7,5.175,3.884375,2.75
376,2019-02-12,169.2,125.04,137.83,85.78,2019,2,12,7,1,7,8.7,5.496875,2.025
377,2019-02-13,169.54,125.04,136.21,87.79,2019,2,13,7,2,7,8.95,6.903124999999999,4.975
378,2019-02-14,163.19,120.66,132.76,88.15,2019,2,14,7,3,7,7.425000000000001,5.7625,4.4
379,2019-02-15,167.55,125.04,135.95,87.68,2019,2,15,7,4,7,8.600000000000001,6.669791666666667,4.8
380,2019-02-16,160.64,113.9,135.76,87.13,2019,2,16,7,5,7,6.775,4.888541666666667,3.1999999999999997
381,2019-02-17,161.83,120.63,135.17,84.73,2019,2,17,7,6,7,6.824999999999999,4.703125,3.0999999999999996
382,2019-02-18,168.05,125.04,137.37,84.23,2019,2,18,8,0,8,9.8,7.176041666666667,4.2
383,2019-02-19,169.4,116.8,133.36,82.39,2019,2,19,8,1,8,14.4,10.244791666666666,7.0
384,2019-02-20,169.47,125.04,136.44,82.82,2019,2,20,8,2,8,9.4,7.379166666666666,5.55
385,2019-02-21,161.36,125.04,138.76,83.36,2019,2,21,8,3,8,9.325000000000001,7.583333333333334,6.175
386,2019-02-22,169.54,124.51,136.38,82.92,2019,2,22,8,4,8,11.649999999999999,8.586458333333333,6.7749999999999995
387,2019-02-23,161.67,121.11,141.01,77.61,2019,2,23,8,5,8,13.549999999999999,9.434375,5.5
388,2019-02-24,165.33,89.7,133.31,77.16,2019,2,24,8,6,8,13.825,11.258333333333333,8.225
389,2019-02-25,169.01,116.84,141.62,80.1,2019,2,25,9,0,9,12.974999999999998,9.6875,6.6499999999999995
390,2019-02-26,168.62,129.77,142.52,81.53,2019,2,26,9,1,9,13.05,9.453125,6.425000000000001
391,2019-02-27,167.08,121.24,140.02,81.95,2019,2,27,9,2,9,12.274999999999999,10.709375,9.35
392,2019-02-28,165.83,113.07,135.37,80.93,2019,2,28,9,3,9,13.100000000000001,10.515625,8.725
393,2019-03-01,168.66,123.69,142.02,79.3,2019,3,1,9,4,9,12.125000000000002,9.519791666666666,6.7250000000000005
394,2019-03-02,169.58,91.06,130.13,77.48,2019,3,2,9,5,9,13.625,10.532291666666666,7.824999999999999
395,2019-03-03,154.97,93.03,127.65,75.37,2019,3,3,9,6,9,13.45,11.608333333333333,10.1
396,2019-03-04,169.3,123.32,133.49,80.49,2019,3,4,10,0,10,12.899999999999999,10.270833333333334,8.475
397,2019-03-05,169.66,123.8,133.66,78.36,2019,3,5,10,1,10,14.024999999999999,10.93125,7.325
398,2019-03-06,169.37,123.8,134.74,79.71,2019,3,6,10,2,10,12.8,10.43125,8.6
399,2019-03-07,165.81,123.54,134.71,84.43,2019,3,7,10,3,10,10.875,8.408333333333333,6.9
400,2019-03-08,169.37,123.8,132.78,81.18,2019,3,8,10,4,10,13.05,8.620833333333334,4.4
401,2019-03-09,131.04,117.21,126.69,74.57,2019,3,9,10,5,10,15.525000000000002,10.942708333333334,6.425000000000001
402,2019-03-10,134.95,108.89,126.03,74.93,2019,3,10,10,6,10,13.475000000000001,11.469791666666666,9.700000000000001
403,2019-03-11,165.54,123.8,133.41,79.97,2019,3,11,11,0,11,13.875,10.375,7.475
404,2019-03-12,168.41,118.09,130.22,78.78,2019,3,12,11,1,11,14.65,10.353125,5.5
405,2019-03-13,163.47,123.8,143.1,84.49,2019,3,13,11,2,11,11.4,7.738541666666666,4.025
406,2019-03-14,168.8,123.8,139.75,83.09,2019,3,14,11,3,11,12.850000000000001,8.976041666666667,5.6499999999999995
407,2019-03-15,182.9,114.23,150.07,81.55,2019,3,15,11,4,11,14.85,10.137500000000001,6.074999999999999
408,2019-03-16,172.69,127.13,152.46,79.1,2019,3,16,11,5,11,12.675,8.88125,5.5
409,2019-03-17,163.14,120.66,145.13,77.48,2019,3,17,11,6,11,14.649999999999999,11.735416666666667,8.65
410,2019-03-18,178.86,117.41,151.62,79.39,2019,3,18,12,0,12,14.225000000000001,10.371875,7.174999999999999
411,2019-03-19,174.06,118.34,150.87,76.91,2019,3,19,12,1,12,16.375,12.282291666666666,8.825
412,2019-03-20,180.31,117.47,151.11,73.5,2019,3,20,12,2,12,18.3,14.465625000000001,9.525
413,2019-03-21,168.85,114.17,147.59,76.61,2019,3,21,12,3,12,17.65,12.345833333333333,8.625
414,2019-03-22,167.19,125.66,152.1,82.27,2019,3,22,12,4,12,10.7,8.41875,6.8500000000000005
415,2019-03-23,174.46,117.71,149.78,82.29,2019,3,23,12,5,12,12.299999999999999,8.59375,6.0249999999999995
416,2019-03-24,170.95,114.91,147.13,79.88,2019,3,24,12,6,12,11.05,7.175000000000001,3.55
417,2019-03-25,176.15,117.6,150.11,80.02,2019,3,25,13,0,13,12.125,9.065624999999999,6.074999999999999
418,2019-03-26,171.49,120.48,143.25,77.48,2019,3,26,13,1,13,18.75,13.663541666666669,7.85
419,2019-03-27,171.97,114.79,139.69,72.94,2019,3,27,13,2,13,18.075,14.635416666666666,9.899999999999999
420,2019-03-28,178.56,114.12,148.23,73.05,2019,3,28,13,3,13,17.099999999999998,14.623958333333333,12.75
421,2019-03-29,179.08,115.26,149.46,72.72,2019,3,29,13,4,13,17.549999999999997,14.287500000000001,11.675
422,2019-03-30,168.35,109.51,149.03,79.13,2019,3,30,13,5,13,16.0,11.990625000000001,7.5
423,2019-03-31,168.35,117.66,149.14,81.4,2019,3,31,13,6,13,10.525,7.946875,6.2749999999999995
424,2019-04-01,217.93,134.52,147.73,80.91,2019,4,1,14,0,14,13.35,9.519791666666666,6.1
425,2019-04-02,179.62,127.09,148.66,81.04,2019,4,2,14,1,14,14.5,10.942708333333332,8.175
426,2019-04-03,218.06,119.83,147.43,81.98,2019,4,3,14,2,14,14.4,10.485416666666666,7.375
427,2019-04-04,181.52,122.51,145.53,77.88,2019,4,4,14,3,14,15.225,10.707291666666666,5.4
428,2019-04-05,160.92,136.04,146.23,75.43,2019,4,5,14,4,14,18.75,13.846875,10.4
429,2019-04-06,165.45,115.83,146.13,72.17,2019,4,6,14,5,14,17.9,13.673958333333333,10.4
430,2019-04-07,165.8,125.14,142.17,68.16,2019,4,7,14,6,14,19.174999999999997,15.196875,12.075
431,2019-04-08,182.16,120.05,145.95,71.92,2019,4,8,15,0,15,17.575000000000003,14.416666666666666,11.399999999999999
432,2019-04-09,221.96,123.01,151.2,73.71,2019,4,9,15,1,15,17.125,14.959375,12.575
433,2019-04-10,224.71,127.39,153.01,78.43,2019,4,10,15,2,15,14.95,11.15625,9.55
434,2019-04-11,217.69,126.61,150.53,76.96,2019,4,11,15,3,15,13.725,11.442708333333334,9.350000000000001
435,2019-04-12,180.36,136.8,146.84,77.04,2019,4,12,15,4,15,16.05,12.765625,9.425
436,2019-04-13,176.47,129.7,156.28,74.11,2019,4,13,15,5,15,16.85,13.264583333333334,9.35
437,2019-04-14,181.61,127.21,147.16,73.36,2019,4,14,15,6,15,17.8,14.046875,10.675
438,2019-04-15,181.48,135.35,148.11,74.73,2019,4,15,16,0,16,17.4,13.159375,9.75
439,2019-04-16,157.53,136.49,144.93,69.44,2019,4,16,16,1,16,21.65,15.752083333333333,10.45
440,2019-04-17,162.6,136.49,147.63,73.39,2019,4,17,16,2,16,18.275000000000002,15.4125,12.950000000000001
441,2019-04-18,181.74,136.34,145.67,70.74,2019,4,18,16,3,16,19.375,15.43125,11.075
442,2019-04-19,181.48,135.42,147.53,67.73,2019,4,19,16,4,16,19.925,16.289583333333333,12.975000000000001
443,2019-04-20,155.26,124.68,144.4,69.22,2019,4,20,16,5,16,19.3,16.446875,13.875
444,2019-04-21,163.95,126.77,147.07,64.02,2019,4,21,16,6,16,21.650000000000002,17.577083333333334,13.6
445,2019-04-22,164.52,136.96,148.23,65.73,2019,4,22,17,0,17,21.775000000000002,19.083333333333332,16.65
446,2019-04-23,160.84,125.42,147.19,67.18,2019,4,23,17,1,17,19.65,18.052083333333332,16.575000000000003
447,2019-04-24,164.66,126.48,146.58,66.42,2019,4,24,17,2,17,21.400000000000002,17.603125,15.575
448,2019-04-25,164.3,139.15,147.04,66.63,2019,4,25,17,3,17,18.425,16.103125000000002,14.624999999999998
449,2019-04-26,156.61,136.8,145.24,73.65,2019,4,26,17,4,17,16.0,12.804166666666667,10.95
450,2019-04-27,225.06,136.46,149.72,70.14,2019,4,27,17,5,17,16.05,13.415625000000002,10.7
451,2019-04-28,164.56,127.99,146.72,66.8,2019,4,28,17,6,17,17.2,14.897916666666665,12.05
452,2019-04-29,165.41,135.97,146.38,70.28,2019,4,29,18,0,18,19.3,16.034375,14.350000000000001
453,2019-04-30,160.79,136.63,147.02,68.97,2019,4,30,18,1,18,17.4,15.543750000000001,14.1
454,2019-05-01,146.05,133.43,139.95,68.46,2019,5,1,18,2,18,20.025000000000002,15.409374999999999,12.875
455,2019-05-02,179.02,136.56,147.09,69.78,2019,5,2,18,3,18,21.275,17.410416666666666,13.1
456,2019-05-03,180.46,134.72,145.75,69.67,2019,5,3,18,4,18,22.25,18.880208333333336,15.425
457,2019-05-04,182.81,133.33,143.88,66.6,2019,5,4,18,5,18,22.5,18.555208333333333,14.200000000000001
458,2019-05-05,150.07,133.1,139.69,66.23,2019,5,5,18,6,18,22.625,18.792708333333334,15.274999999999999
459,2019-05-06,183.65,136.86,143.51,68.31,2019,5,6,19,0,19,19.125,16.164583333333333,13.424999999999999
460,2019-05-07,143.93,133.43,138.94,70.67,2019,5,7,19,1,19,18.55,15.205208333333333,12.000000000000002
461,2019-05-08,184.71,133.43,142.56,66.53,2019,5,8,19,2,19,19.75,15.8375,11.575
462,2019-05-09,183.37,133.43,142.51,69.18,2019,5,9,19,3,19,20.35,17.210416666666667,14.350000000000001
463,2019-05-10,176.16,133.43,145.78,68.22,2019,5,10,19,4,19,20.85,17.462500000000002,13.675
464,2019-05-11,176.62,132.99,141.83,66.55,2019,5,11,19,5,19,21.849999999999998,18.076041666666665,13.825
465,2019-05-12,151.15,130.2,139.58,64.82,2019,5,12,19,6,19,22.1,18.476041666666667,14.825
466,2019-05-13,147.45,132.47,141.0,65.82,2019,5,13,20,0,20,22.1,19.383333333333333,16.75
467,2019-05-14,182.57,133.13,142.65,66.88,2019,5,14,20,1,20,22.725,20.159148550724638,17.875
468,2019-05-15,226.1,133.43,163.91,67.16,2019,5,15,20,2,20,25.325000000000003,20.9875,17.0
469,2019-05-16,184.2,133.43,147.22,67.45,2019,5,16,20,3,20,25.6,21.804166666666667,18.075
470,2019-05-17,184.95,133.43,145.18,65.81,2019,5,17,20,4,20,24.15,20.728125,17.575
471,2019-05-18,178.17,132.62,145.17,62.51,2019,5,18,20,5,20,21.625,19.909375,18.125
472,2019-05-19,183.54,132.9,147.62,62.95,2019,5,19,20,6,20,22.775000000000002,20.241666666666667,17.55
473,2019-05-20,179.09,133.43,147.84,66.67,2019,5,20,21,0,21,19.1,17.282291666666666,14.850000000000001
474,2019-05-21,183.25,133.43,144.42,65.77,2019,5,21,21,1,21,23.324999999999996,18.701041666666665,14.024999999999999
475,2019-05-22,146.41,133.43,139.72,65.9,2019,5,22,21,2,21,24.5,20.144791666666666,15.55
476,2019-05-23,148.98,132.63,141.28,66.7,2019,5,23,21,3,21,25.999999999999996,21.807291666666668,17.700000000000003
477,2019-05-24,185.3,132.09,142.97,67.01,2019,5,24,21,4,21,27.525000000000002,23.39166666666667,19.35
478,2019-05-25,180.17,129.27,149.16,65.02,2019,5,25,21,5,21,25.775,21.772916666666667,18.025
479,2019-05-26,178.79,127.7,143.77,62.88,2019,5,26,21,6,21,23.625,21.355208333333334,19.225
480,2019-05-27,175.65,129.23,145.98,67.05,2019,5,27,22,0,22,21.900000000000002,20.041666666666668,16.5
481,2019-05-28,178.92,131.59,149.97,64.06,2019,5,28,22,1,22,21.35,18.571875,15.85
482,2019-05-29,175.48,134.08,148.34,65.99,2019,5,29,22,2,22,26.625,21.58229166666667,18.224999999999998
483,2019-05-30,180.1,132.29,147.88,65.02,2019,5,30,22,3,22,24.95,21.092708333333334,17.125
484,2019-05-31,180.46,133.22,145.36,63.97,2019,5,31,22,4,22,20.375,17.911458333333332,15.5
485,2019-06-01,193.34,129.06,145.29,63.03,2019,6,1,22,5,22,22.299999999999997,18.646875,15.325
486,2019-06-02,159.37,131.11,141.84,63.08,2019,6,2,22,6,22,22.999999999999996,19.978125,17.575
487,2019-06-03,150.7,133.94,142.62,65.43,2019,6,3,23,0,23,23.725,20.68541666666667,16.9
488,2019-06-04,240.07,132.54,162.13,67.49,2019,6,4,23,1,23,24.999999999999996,21.717708333333338,19.45
489,2019-06-05,232.18,133.15,173.58,67.27,2019,6,5,23,2,23,25.65,22.35729166666667,19.475
490,2019-06-06,239.85,136.87,156.12,67.86,2019,6,6,23,3,23,25.35,22.150000000000002,19.275000000000002
491,2019-06-07,236.19,131.95,169.61,64.21,2019,6,7,23,4,23,23.5,20.135416666666664,18.2
492,2019-06-08,186.16,129.73,150.12,63.27,2019,6,8,23,5,23,21.25,19.325,17.599999999999998
493,2019-06-09,190.01,128.08,145.95,62.54,2019,6,9,23,6,23,22.5,19.696875,17.474999999999998
494,2019-06-10,193.05,131.68,154.07,63.91,2019,6,10,24,0,24,23.0,19.707291666666666,17.1
495,2019-06-11,192.37,133.84,144.27,65.17,2019,6,11,24,1,24,22.200000000000003,19.637500000000003,17.799999999999997
496,2019-06-12,191.21,135.75,145.67,65.25,2019,6,12,24,2,24,21.900000000000002,19.342708333333334,16.45
497,2019-06-13,193.42,133.48,153.81,66.2,2019,6,13,24,3,24,24.25,20.36770833333333,16.474999999999998
498,2019-06-14,187.75,133.3,151.72,64.98,2019,6,14,24,4,24,21.25,19.659374999999997,17.549999999999997
499,2019-06-15,188.48,134.46,146.89,63.43,2019,6,15,24,5,24,24.05,20.567708333333336,18.025
500,2019-06-16,188.45,130.31,145.13,62.72,2019,6,16,24,6,24,23.925,20.828124999999996,18.275000000000002
501,2019-06-17,235.98,135.17,187.17,65.36,2019,6,17,25,0,25,22.975,20.54375,17.875
502,2019-06-18,238.0,137.84,207.73,65.82,2019,6,18,25,1,25,22.4,20.834375,19.5
503,2019-06-19,237.75,140.51,211.85,66.68,2019,6,19,25,2,25,23.975,21.3875,19.125
504,2019-06-20,241.07,172.61,214.56,67.32,2019,6,20,25,3,25,24.6,22.04583333333333,18.925
505,2019-06-21,239.23,174.81,214.8,67.39,2019,6,21,25,4,25,25.049999999999997,22.513541666666665,20.200000000000003
506,2019-06-22,242.02,137.49,196.74,65.42,2019,6,22,25,5,25,24.400000000000002,21.677083333333332,19.425
507,2019-06-23,233.26,132.05,181.62,64.12,2019,6,23,25,6,25,23.7,21.145833333333332,18.8
508,2019-06-24,238.93,132.05,184.91,66.52,2019,6,24,26,0,26,24.1,21.195833333333333,18.25
509,2019-06-25,235.21,137.23,170.25,67.01,2019,6,25,26,1,26,26.45,23.067708333333332,19.25
510,2019-06-26,191.36,138.5,157.31,70.62,2019,6,26,26,2,26,24.075000000000003,22.012500000000003,19.6
511,2019-06-27,162.5,135.26,151.08,70.26,2019,6,27,26,3,26,25.424999999999997,23.122916666666665,21.8
512,2019-06-28,191.07,136.85,154.48,70.0,2019,6,28,26,4,26,25.225,22.988541666666666,20.525
513,2019-06-29,192.26,135.92,153.88,72.63,2019,6,29,26,5,26,25.875,23.840625000000003,22.125
514,2019-06-30,192.26,139.62,152.35,67.55,2019,6,30,26,6,26,24.824999999999996,22.810416666666665,21.299999999999997
515,2019-07-01,191.46,149.58,160.04,71.52,2019,7,1,27,0,27,24.3,22.313541666666666,21.025
516,2019-07-02,198.15,152.23,157.4,69.86,2019,7,2,27,1,27,23.825,22.092708333333334,20.525
517,2019-07-03,161.09,152.25,155.5,69.33,2019,7,3,27,2,27,23.8,21.916666666666664,20.55
518,2019-07-04,195.17,149.58,164.76,70.42,2019,7,4,27,3,27,25.700000000000003,22.295833333333338,19.125
519,2019-07-05,197.41,152.23,157.6,70.61,2019,7,5,27,4,27,27.25,23.784375,20.875
520,2019-07-06,196.48,149.5,160.09,68.56,2019,7,6,27,5,27,26.225,23.285416666666666,20.15
521,2019-07-07,193.29,149.4,159.54,65.37,2019,7,7,27,6,27,25.099999999999998,23.08125,21.699999999999996
522,2019-07-08,247.87,149.58,187.12,67.86,2019,7,8,28,0,28,23.275000000000002,21.798958333333335,20.675
523,2019-07-09,167.33,150.88,156.87,68.43,2019,7,9,28,1,28,23.349999999999998,21.894791666666666,20.65
524,2019-07-10,160.36,152.41,157.51,69.5,2019,7,10,28,2,28,22.974999999999998,21.8625,20.875
525,2019-07-11,161.19,149.58,155.71,70.13,2019,7,11,28,3,28,27.0,23.609375000000004,21.1
526,2019-07-12,167.08,149.58,158.54,70.37,2019,7,12,28,4,28,25.475,22.944791666666664,20.674999999999997
527,2019-07-13,172.13,149.5,156.47,66.27,2019,7,13,28,5,28,22.325,20.964583333333334,19.300000000000004
528,2019-07-14,170.0,149.4,158.25,69.22,2019,7,14,28,6,28,26.475,23.552083333333332,21.15
529,2019-07-15,163.47,149.26,157.7,72.48,2019,7,15,29,0,29,26.15,23.665625,21.3
530,2019-07-16,160.55,152.1,155.77,73.21,2019,7,16,29,1,29,26.575000000000003,23.9875,21.5
531,2019-07-17,197.86,149.58,159.14,75.92,2019,7,17,29,2,29,26.45,24.151041666666668,22.525000000000002
532,2019-07-18,250.98,151.56,175.32,73.2,2019,7,18,29,3,29,25.75,24.39270833333333,23.175
533,2019-07-19,187.16,150.61,172.2,75.87,2019,7,19,29,4,29,25.45,24.366666666666667,23.475
534,2019-07-20,193.13,150.07,160.55,70.26,2019,7,20,29,5,29,25.5,23.851041666666667,23.1
535,2019-07-21,189.26,149.4,160.63,74.05,2019,7,21,29,6,29,28.75,25.34583333333333,23.225
536,2019-07-22,248.9,149.58,174.43,81.4,2019,7,22,30,0,30,28.375,25.514488636363637,23.575
537,2019-07-23,194.51,149.97,167.3,82.75,2019,7,23,30,1,30,28.325,25.81145833333333,24.25
538,2019-07-24,189.78,149.88,168.8,83.35,2019,7,24,30,2,30,27.325,25.878125,24.825
539,2019-07-25,245.57,149.58,188.49,85.37,2019,7,25,30,3,30,27.775000000000002,26.086458333333333,25.049999999999997
540,2019-07-26,599.28,149.58,184.8,86.26,2019,7,26,30,4,30,28.5,26.496875,25.049999999999997
541,2019-07-27,158.52,131.91,153.05,82.91,2019,7,27,30,5,30,28.325,26.788541666666667,25.9
542,2019-07-28,172.18,147.07,156.41,83.66,2019,7,28,30,6,30,29.5,27.476041666666664,26.075
543,2019-07-29,166.63,148.73,157.88,89.53,2019,7,29,31,0,31,30.275,27.743750000000002,25.7
544,2019-07-30,198.61,147.11,160.05,93.28,2019,7,30,31,1,31,30.449999999999996,28.166666666666664,26.525
545,2019-07-31,192.15,146.2,163.09,93.33,2019,7,31,31,2,31,30.425,28.417708333333334,27.075
546,2019-08-01,171.92,150.57,164.78,93.97,2019,8,1,31,3,31,31.15,28.390625,26.375
547,2019-08-02,176.69,150.68,163.05,92.73,2019,8,2,31,4,31,30.6,28.114583333333332,25.5
548,2019-08-03,172.69,149.49,162.28,86.5,2019,8,3,31,5,31,30.675,28.09583333333333,25.65
549,2019-08-04,175.91,149.38,160.94,86.89,2019,8,4,31,6,31,30.95,28.09479166666667,26.125
550,2019-08-05,233.37,149.81,173.78,90.65,2019,8,5,32,0,32,30.199999999999996,27.7375,25.4
551,2019-08-06,230.47,149.56,177.38,92.51,2019,8,6,32,1,32,31.1,28.255208333333332,25.724999999999998
552,2019-08-07,233.62,149.56,181.13,95.82,2019,8,7,32,2,32,31.725,28.62708333333333,26.025
553,2019-08-08,230.02,152.3,181.09,96.54,2019,8,8,32,3,32,32.275,29.614583333333336,26.474999999999998
554,2019-08-09,232.85,151.88,179.34,92.95,2019,8,9,32,4,32,32.0,29.445833333333333,27.35
555,2019-08-10,234.57,149.49,171.37,86.02,2019,8,10,32,5,32,30.65,29.08125,28.25
556,2019-08-11,171.77,152.26,160.17,84.5,2019,8,11,32,6,32,28.6,27.846875,26.975
557,2019-08-12,232.21,149.56,174.33,91.15,2019,8,12,33,0,33,30.049999999999997,28.04791666666667,27.0
558,2019-08-13,231.05,149.56,174.1,94.01,2019,8,13,33,1,33,31.375,28.760416666666668,25.875
559,2019-08-14,177.13,149.56,164.25,92.76,2019,8,14,33,2,33,30.85,28.63125,26.525
560,2019-08-15,236.72,149.38,171.91,83.14,2019,8,15,33,3,33,29.65,27.585416666666667,26.025
561,2019-08-16,176.03,149.73,163.58,85.45,2019,8,16,33,4,33,30.475,27.403125,24.85
562,2019-08-17,178.35,149.51,162.44,85.26,2019,8,17,33,5,33,30.3,27.262500000000003,24.075000000000003
563,2019-08-18,176.51,149.28,159.75,79.04,2019,8,18,33,6,33,28.975,26.646875,25.125
564,2019-08-19,179.48,148.18,164.33,84.16,2019,8,19,34,0,34,28.6,26.211458333333333,24.075
565,2019-08-20,173.74,149.56,161.4,87.23,2019,8,20,34,1,34,29.799999999999997,27.054166666666667,25.1
566,2019-08-21,175.67,150.11,164.1,88.93,2019,8,21,34,2,34,30.125,27.129166666666666,25.424999999999997
567,2019-08-22,177.52,149.56,162.48,89.48,2019,8,22,34,3,34,30.45,27.572916666666664,25.424999999999997
568,2019-08-23,174.97,149.56,161.02,84.42,2019,8,23,34,4,34,29.65,26.771875,24.800000000000004
569,2019-08-24,180.8,151.51,161.28,76.74,2019,8,24,34,5,34,28.375,26.023958333333333,24.35
570,2019-08-25,176.11,151.16,160.93,72.08,2019,8,25,34,6,34,26.974999999999998,24.646874999999998,21.375
571,2019-08-26,174.93,149.56,162.1,81.03,2019,8,26,35,0,35,26.85,24.822916666666668,22.625
572,2019-08-27,178.22,152.35,161.24,86.55,2019,8,27,35,1,35,28.349999999999998,26.248958333333334,24.224999999999998
573,2019-08-28,178.9,151.81,161.82,80.11,2019,8,28,35,2,35,26.575,24.43958333333333,22.25
574,2019-08-29,172.24,151.45,163.09,73.5,2019,8,29,35,3,35,23.5,22.29375,21.049999999999997
575,2019-08-30,174.11,149.56,165.24,73.48,2019,8,30,35,4,35,27.8,24.572916666666668,21.25
576,2019-08-31,176.95,151.12,161.38,72.24,2019,8,31,35,5,35,27.825000000000003,24.103125,20.025
577,2019-09-01,185.02,162.75,168.05,68.53,2019,9,1,35,6,35,25.35,22.932291666666668,20.65
578,2019-09-02,190.04,161.59,169.32,77.45,2019,9,2,36,0,36,27.049999999999997,24.55,21.825
579,2019-09-03,186.95,159.49,169.06,77.69,2019,9,3,36,1,36,26.825000000000003,24.831250000000004,23.275000000000002
580,2019-09-04,226.51,159.32,180.7,75.84,2019,9,4,36,2,36,26.200000000000003,24.58645833333333,22.900000000000002
581,2019-09-05,219.42,156.8,181.7,79.59,2019,9,5,36,3,36,28.925,25.89375,23.975
582,2019-09-06,187.07,160.34,173.46,78.08,2019,9,6,36,4,36,27.725,26.3125,25.025
583,2019-09-07,190.6,159.16,166.85,73.42,2019,9,7,36,5,36,27.725,26.183333333333334,24.125
584,2019-09-08,181.68,159.35,167.43,71.04,2019,9,8,36,6,36,25.875,24.06458333333333,23.0
585,2019-09-09,187.5,160.15,167.3,80.2,2019,9,9,37,0,37,28.65,25.896875,24.049999999999997
586,2019-09-10,191.13,157.37,166.34,80.41,2019,9,10,37,1,37,28.675,26.44375,24.575
587,2019-09-11,174.33,161.79,164.68,79.41,2019,9,11,37,2,37,28.699999999999996,26.270833333333336,24.225
588,2019-09-12,190.1,156.47,165.9,67.16,2019,9,12,37,3,37,26.5,24.646874999999998,23.174999999999997
589,2019-09-13,171.49,153.09,163.48,62.04,2019,9,13,37,4,37,26.85,23.994791666666668,22.025
590,2019-09-14,186.38,159.41,168.55,67.73,2019,9,14,37,5,37,26.75,24.161458333333332,21.35
591,2019-09-15,190.17,156.59,166.6,71.33,2019,9,15,37,6,37,26.875,24.643750000000004,22.65
592,2019-09-16,172.59,159.69,168.8,74.87,2019,9,16,38,0,38,26.6,24.396874999999998,22.95
593,2019-09-17,174.29,158.95,167.1,71.66,2019,9,17,38,1,38,25.975,23.826041666666665,21.75
594,2019-09-18,174.09,160.95,167.77,71.15,2019,9,18,38,2,38,26.975,23.322916666666668,20.15
595,2019-09-19,177.83,161.62,167.11,69.44,2019,9,19,38,3,38,25.775000000000002,22.77916666666667,19.55
596,2019-09-20,173.29,159.28,167.03,68.76,2019,9,20,38,4,38,25.450000000000003,22.802083333333332,20.4
597,2019-09-21,177.19,81.92,158.94,64.56,2019,9,21,38,5,38,21.9,20.582291666666666,19.125
598,2019-09-22,183.06,77.57,164.08,61.41,2019,9,22,38,6,38,22.15,20.780208333333334,19.7
599,2019-09-23,182.41,160.99,168.43,65.95,2019,9,23,39,0,39,23.1,20.864583333333332,19.075
600,2019-09-24,184.92,154.21,167.83,66.15,2019,9,24,39,1,39,23.825000000000003,20.28541666666667,17.150000000000002
601,2019-09-25,175.83,159.41,166.66,66.81,2019,9,25,39,2,39,24.700000000000003,21.286458333333336,18.2
602,2019-09-26,181.86,160.17,167.82,69.96,2019,9,26,39,3,39,27.025,23.777083333333337,21.125
603,2019-09-27,183.07,81.88,161.72,72.16,2019,9,27,39,4,39,25.550000000000004,23.911458333333332,22.5
604,2019-09-28,185.84,161.22,167.86,73.89,2019,9,28,39,5,39,26.775,24.635416666666668,22.85
605,2019-09-29,174.42,78.32,161.98,72.28,2019,9,29,39,6,39,26.4,24.178125,22.825
606,2019-09-30,175.87,160.56,167.6,75.9,2019,9,30,40,0,40,26.45,23.865625,22.2
607,2019-10-01,182.38,163.9,170.75,73.51,2019,10,1,40,1,40,25.45,23.571875,20.625
608,2019-10-02,178.01,161.01,168.01,69.56,2019,10,2,40,2,40,26.825000000000003,24.06875,20.75
609,2019-10-03,187.58,117.52,166.95,66.38,2019,10,3,40,3,40,25.950000000000003,23.570833333333333,21.9
610,2019-10-04,173.84,161.81,168.94,69.97,2019,10,4,40,4,40,26.575000000000003,23.086458333333333,20.575000000000003
611,2019-10-05,180.4,132.45,169.4,64.88,2019,10,5,40,5,40,23.625,21.267708333333335,18.975
612,2019-10-06,186.57,161.1,170.99,64.26,2019,10,6,40,6,40,24.2,20.971875,17.9
613,2019-10-07,180.1,127.61,164.39,66.39,2019,10,7,41,0,41,23.85,21.674999999999997,19.775
614,2019-10-08,185.03,134.41,170.77,64.88,2019,10,8,41,1,41,22.95,20.279166666666665,17.675
615,2019-10-09,182.27,132.05,168.72,64.59,2019,10,9,41,2,41,21.049999999999997,17.632291666666667,14.025
616,2019-10-10,182.04,131.77,166.69,66.82,2019,10,10,41,3,41,22.900000000000002,18.61041666666667,14.075
617,2019-10-11,182.74,119.81,158.37,64.73,2019,10,11,41,4,41,23.700000000000003,20.773958333333333,17.375
618,2019-10-12,176.53,165.64,172.52,64.23,2019,10,12,41,5,41,24.200000000000003,21.39375,18.925
619,2019-10-13,175.61,157.5,166.51,62.4,2019,10,13,41,6,41,22.275,19.867708333333333,17.675
620,2019-10-14,188.13,90.93,161.0,65.2,2019,10,14,42,0,42,22.1,19.11145833333333,16.150000000000002
621,2019-10-15,183.96,130.22,166.74,66.77,2019,10,15,42,1,42,19.975,17.663541666666667,15.200000000000001
622,2019-10-16,183.64,128.26,166.46,66.3,2019,10,16,42,2,42,21.15,18.07604166666667,15.3
623,2019-10-17,191.62,92.47,163.73,66.72,2019,10,17,42,3,42,21.799999999999997,18.693749999999998,15.325000000000001
624,2019-10-18,191.92,85.84,162.1,66.04,2019,10,18,42,4,42,20.625,19.164583333333333,17.975
625,2019-10-19,193.91,62.04,146.69,63.52,2019,10,19,42,5,42,22.1,19.65833333333333,17.35
626,2019-10-20,188.88,59.26,161.69,63.34,2019,10,20,42,6,42,21.975,18.996875000000003,16.075
627,2019-10-21,192.63,92.27,158.68,66.09,2019,10,21,43,0,43,22.175,19.666666666666668,17.325
628,2019-10-22,192.62,93.25,162.16,66.56,2019,10,22,43,1,43,22.049999999999997,19.969791666666666,17.3
629,2019-10-23,187.32,92.76,150.39,67.47,2019,10,23,43,2,43,22.199999999999996,20.34375,19.25
630,2019-10-24,187.6,92.8,154.91,66.48,2019,10,24,43,3,43,21.799999999999997,19.927083333333332,18.400000000000002
631,2019-10-25,180.79,92.81,160.69,66.85,2019,10,25,43,4,43,23.150000000000002,19.778125,17.125
632,2019-10-26,183.74,96.28,140.82,64.51,2019,10,26,43,5,43,19.299999999999997,16.815624999999997,15.3
633,2019-10-27,184.84,96.38,148.24,63.31,2019,10,27,43,6,43,18.075,15.698958333333334,13.325000000000001
634,2019-10-28,192.42,97.54,157.74,67.14,2019,10,28,44,0,44,19.200000000000003,15.787500000000001,13.100000000000001
635,2019-10-29,188.74,131.63,165.8,66.97,2019,10,29,44,1,44,20.75,17.14270833333333,14.275
636,2019-10-30,190.44,103.54,145.03,67.02,2019,10,30,44,2,44,18.9,16.001041666666666,13.3
637,2019-10-31,182.03,103.54,155.29,67.3,2019,10,31,44,3,44,20.6,16.320833333333333,12.5
638,2019-11-01,181.95,77.18,154.36,67.0,2019,11,1,44,4,44,22.025,17.833333333333332,13.975
639,2019-11-02,180.73,63.77,150.42,63.8,2019,11,2,44,5,44,22.525000000000002,18.734375,15.675
640,2019-11-03,181.26,58.68,132.54,65.09,2019,11,3,44,6,44,19.825000000000003,17.807291666666664,16.175
641,2019-11-04,180.31,77.45,154.57,67.49,2019,11,4,45,0,45,20.65,17.17291666666667,14.799999999999999
642,2019-11-05,177.61,91.75,162.17,65.46,2019,11,5,45,1,45,19.625,16.86145833333333,14.325
643,2019-11-06,180.59,158.45,166.34,66.55,2019,11,6,45,2,45,19.174999999999997,15.818749999999998,12.425
644,2019-11-07,181.83,162.21,167.18,69.32,2019,11,7,45,3,45,18.6,15.859375,13.325
645,2019-11-08,177.69,91.85,164.59,67.85,2019,11,8,45,4,45,16.05,13.717708333333333,12.049999999999999
646,2019-11-09,183.51,92.65,158.2,65.51,2019,11,9,45,5,45,17.575000000000003,14.187500000000002,11.149999999999999
647,2019-11-10,182.71,89.23,153.95,65.53,2019,11,10,45,6,45,19.1,15.478124999999999,11.15
648,2019-11-11,179.89,90.34,162.04,70.77,2019,11,11,46,0,46,18.975,16.690625,14.45
649,2019-11-12,185.96,90.34,157.91,67.18,2019,11,12,46,1,46,17.575,14.541666666666666,11.75
650,2019-11-13,182.91,89.22,132.13,68.44,2019,11,13,46,2,46,18.5,15.264583333333333,11.925
651,2019-11-14,176.15,90.34,139.1,71.15,2019,11,14,46,3,46,14.649999999999999,11.396875,7.675000000000001
652,2019-11-15,171.65,151.17,163.85,71.25,2019,11,15,46,4,46,16.35,11.95625,6.925000000000001
653,2019-11-16,171.89,157.82,165.92,65.56,2019,11,16,46,5,46,20.9,16.235416666666666,11.975000000000001
654,2019-11-17,178.36,139.52,162.87,65.14,2019,11,17,46,6,46,22.875,20.430208333333333,16.875
655,2019-11-18,170.04,156.79,165.05,70.87,2019,11,18,47,0,47,21.599999999999998,14.8,11.025
656,2019-11-19,169.71,84.82,161.75,75.21,2019,11,19,47,1,47,11.700000000000001,10.336458333333333,9.25
657,2019-11-20,179.72,84.6,162.0,73.61,2019,11,20,47,2,47,11.975,9.867708333333335,7.575
658,2019-11-21,179.01,84.58,149.04,71.39,2019,11,21,47,3,47,16.924999999999997,12.816666666666666,7.725
659,2019-11-22,174.09,81.01,153.25,68.99,2019,11,22,47,4,47,20.900000000000002,17.139583333333334,13.475
660,2019-11-23,178.21,88.6,136.62,64.85,2019,11,23,47,5,47,20.825,17.920833333333334,14.75
661,2019-11-24,184.27,89.04,130.44,64.51,2019,11,24,47,6,47,20.175,18.053124999999998,14.75
662,2019-11-25,174.25,75.86,163.62,74.19,2019,11,25,48,0,48,14.425,11.046875,9.375
663,2019-11-26,166.94,85.96,160.66,72.18,2019,11,26,48,1,48,15.625,13.352083333333335,9.899999999999999
664,2019-11-27,172.87,85.52,150.38,77.38,2019,11,27,48,2,48,14.675,11.78125,9.524999999999999
665,2019-11-28,175.26,88.6,137.97,75.42,2019,11,28,48,3,48,13.1,10.770833333333334,8.425
666,2019-11-29,178.38,88.6,142.01,76.27,2019,11,29,48,4,48,12.4,9.916666666666666,7.6
667,2019-11-30,173.38,86.22,137.03,68.88,2019,11,30,48,5,48,17.1,12.334375,7.3500000000000005
668,2019-12-01,185.79,135.81,169.78,68.66,2019,12,1,48,6,48,16.175,12.805208333333333,11.55
669,2019-12-02,185.55,89.08,145.26,78.18,2019,12,2,49,0,49,12.3,10.013541666666667,7.425000000000001
670,2019-12-03,194.62,87.79,139.33,78.55,2019,12,3,49,1,49,10.55,8.55,6.725
671,2019-12-04,192.6,88.23,137.73,78.25,2019,12,4,49,2,49,13.725,10.45,7.6
672,2019-12-05,195.16,88.23,147.1,83.52,2019,12,5,49,3,49,11.5,8.444791666666667,5.55
673,2019-12-06,197.19,127.92,164.24,84.89,2019,12,6,49,4,49,6.475,4.73125,3.5999999999999996
674,2019-12-07,199.44,88.23,160.68,80.8,2019,12,7,49,5,49,9.600000000000001,6.757291666666666,3.875
675,2019-12-08,179.37,88.23,151.54,74.76,2019,12,8,49,6,49,10.8,8.640625,5.8
676,2019-12-09,176.7,88.23,153.32,80.93,2019,12,9,50,0,50,14.225,10.285416666666666,6.45
677,2019-12-10,191.04,88.23,145.43,75.2,2019,12,10,50,1,50,17.425,13.858333333333333,10.475
678,2019-12-11,180.72,88.23,148.62,77.07,2019,12,11,50,2,50,18.15,13.227083333333335,9.399999999999999
679,2019-12-12,188.45,88.23,141.82,81.14,2019,12,12,50,3,50,10.0,8.410416666666666,5.875
680,2019-12-13,169.18,88.23,122.79,77.47,2019,12,13,50,4,50,13.649999999999999,9.088541666666666,5.3500000000000005
681,2019-12-14,146.9,88.18,107.72,75.64,2019,12,14,50,5,50,13.524999999999999,10.398958333333335,7.375
682,2019-12-15,152.63,87.63,109.63,70.11,2019,12,15,50,6,50,16.675,12.359374999999998,7.4
683,2019-12-16,196.99,88.23,124.52,73.9,2019,12,16,51,0,51,17.400000000000002,14.590625,12.45
684,2019-12-17,145.51,85.65,107.8,73.88,2019,12,17,51,1,51,18.35,14.8625,11.625
685,2019-12-18,146.37,85.57,113.87,80.47,2019,12,18,51,2,51,11.55,9.596875,7.975
686,2019-12-19,146.32,85.56,115.52,81.56,2019,12,19,51,3,51,9.475,8.407291666666667,7.35
687,2019-12-20,197.87,85.44,113.8,80.89,2019,12,20,51,4,51,10.7,8.105208333333334,6.025
688,2019-12-21,153.66,83.73,104.44,77.5,2019,12,21,51,5,51,10.525,8.102083333333333,5.825
689,2019-12-22,138.02,82.35,99.62,76.96,2019,12,22,51,6,51,11.275,9.663541666666667,7.2
690,2019-12-23,144.25,85.57,99.13,81.7,2019,12,23,52,0,52,12.7,9.59375,6.625
691,2019-12-24,420.83,84.57,130.21,81.29,2019,12,24,52,1,52,12.524999999999999,9.244791666666666,7.25
692,2019-12-25,146.35,85.78,91.86,73.07,2019,12,25,52,2,52,15.125,11.540624999999999,7.75
693,2019-12-26,148.89,85.61,98.85,82.38,2019,12,26,52,3,52,13.35,10.540625,6.925
694,2019-12-27,204.7,85.47,138.92,84.65,2019,12,27,52,4,52,7.375,6.288541666666667,5.225
695,2019-12-28,143.94,89.84,131.05,80.27,2019,12,28,52,5,52,10.25,7.123958333333333,4.6
696,2019-12-29,151.05,83.58,121.39,72.94,2019,12,29,52,6,52,16.05,11.697916666666666,6.975
697,2019-12-30,149.26,85.85,111.14,77.65,2019,12,30,1,0,1,13.950000000000001,12.076041666666667,7.699999999999999
698,2019-12-31,151.84,87.38,121.19,90.01,2019,12,31,1,1,1,7.2,3.5166666666666666,2.075
699,2020-01-01,154.95,84.89,107.36,81.3,2020,1,1,1,2,1,7.075,4.998958333333333,2.75
700,2020-01-02,207.32,88.79,120.82,80.69,2020,1,2,1,3,1,9.649999999999999,7.763541666666667,5.3
701,2020-01-03,152.22,88.79,115.41,79.2,2020,1,3,1,4,1,11.475,8.820833333333333,6.35
702,2020-01-04,150.43,79.39,111.94,80.59,2020,1,4,1,5,1,11.4,8.33125,5.575
703,2020-01-05,202.96,88.79,115.54,77.7,2020,1,5,1,6,1,12.149999999999999,8.580208333333333,5.075
704,2020-01-06,149.02,88.79,114.33,75.77,2020,1,6,2,0,2,17.4,14.119791666666666,10.125
705,2020-01-07,90.68,84.99,88.47,73.05,2020,1,7,2,1,2,19.900000000000002,17.797916666666666,13.174999999999999
706,2020-01-08,90.57,82.55,88.71,86.85,2020,1,8,2,2,2,12.775,8.338541666666668,6.4750000000000005
707,2020-01-09,152.84,85.83,109.34,86.28,2020,1,9,2,3,2,8.025,7.226041666666667,6.275
708,2020-01-10,204.67,86.89,113.74,81.83,2020,1,10,2,4,2,11.024999999999999,7.878442028985507,4.825
709,2020-01-11,150.12,79.37,109.24,81.19,2020,1,11,2,5,2,9.125,8.310416666666667,7.0249999999999995
710,2020-01-12,131.37,79.63,95.92,83.29,2020,1,12,2,6,2,8.375,7.2281249999999995,6.1
711,2020-01-13,201.08,88.79,131.02,87.61,2020,1,13,3,0,3,8.524999999999999,6.676041666666666,4.8999999999999995
712,2020-01-14,155.69,86.72,107.74,93.73,2020,1,14,3,1,3,6.175000000000001,4.536458333333333,2.9499999999999997
713,2020-01-15,204.29,86.9,114.96,91.51,2020,1,15,3,2,3,7.299999999999999,5.422916666666667,3.425
714,2020-01-16,211.86,87.06,123.36,88.81,2020,1,16,3,3,3,8.05,6.298958333333333,4.85
715,2020-01-17,154.99,86.9,106.64,91.36,2020,1,17,3,4,3,9.075,7.053125,5.4
716,2020-01-18,151.04,81.22,106.0,87.43,2020,1,18,3,5,3,8.725,6.6343749999999995,4.85
717,2020-01-19,155.32,84.92,106.77,83.52,2020,1,19,3,6,3,9.75,7.809375,5.25
718,2020-01-20,152.78,86.49,112.4,88.97,2020,1,20,4,0,4,10.325,8.166666666666666,6.2
719,2020-01-21,208.76,87.15,123.61,86.26,2020,1,21,4,1,4,10.45,7.067708333333334,4.300000000000001
720,2020-01-22,207.03,87.11,126.0,83.08,2020,1,22,4,2,4,13.600000000000001,11.043750000000001,8.375
721,2020-01-23,152.37,86.49,111.6,75.65,2020,1,23,4,3,4,13.4,11.717708333333333,10.5
722,2020-01-24,152.68,72.64,95.86,71.58,2020,1,24,4,4,4,13.5,11.340625000000001,9.75
723,2020-01-25,155.46,85.94,99.77,70.02,2020,1,25,4,5,4,13.85,12.146875,9.75
724,2020-01-26,92.32,72.64,88.38,72.42,2020,1,26,4,6,4,12.7,11.515625,10.325
725,2020-01-27,154.46,78.95,94.07,76.64,2020,1,27,5,0,5,10.85,9.70625,7.8999999999999995
726,2020-01-28,156.57,84.8,103.05,80.25,2020,1,28,5,1,5,11.325000000000001,9.486458333333333,8.0
727,2020-01-29,154.78,86.99,109.21,82.9,2020,1,29,5,2,5,11.125,9.038541666666667,7.424999999999999
728,2020-01-30,203.15,84.87,112.85,84.85,2020,1,30,5,3,5,9.75,7.86875,6.425
729,2020-01-31,205.89,84.8,117.22,86.06,2020,1,31,5,4,5,8.6,6.940625,5.175
730,2020-02-01,194.91,82.33,145.08,81.27,2020,2,1,5,5,5,10.775,7.665625,4.65
731,2020-02-02,146.89,74.43,105.99,81.55,2020,2,2,5,6,5,10.7,7.621875,5.1499999999999995
732,2020-02-03,206.45,83.81,116.21,86.64,2020,2,3,6,0,6,10.25,7.376041666666667,4.675000000000001
733,2020-02-04,197.81,84.18,121.4,85.41,2020,2,4,6,1,6,9.025,5.819791666666667,2.925
734,2020-02-05,203.97,82.65,114.89,90.87,2020,2,5,6,2,6,7.425,4.296875,1.775
735,2020-02-06,199.18,84.12,120.97,90.06,2020,2,6,6,3,6,5.625,3.1937499999999996,0.8250000000000001
736,2020-02-07,201.69,84.28,123.62,84.37,2020,2,7,6,4,6,9.0,6.554166666666667,4.35
737,2020-02-08,152.36,77.42,93.72,84.11,2020,2,8,6,5,6,8.9,6.844791666666667,4.775
738,2020-02-09,146.77,74.88,93.66,82.41,2020,2,9,6,6,6,8.600000000000001,6.188541666666667,4.25
739,2020-02-10,173.09,82.82,113.48,83.3,2020,2,10,7,0,7,14.5,10.012500000000001,5.6
740,2020-02-11,199.75,84.91,121.86,75.87,2020,2,11,7,1,7,14.15,10.616666666666667,6.325
741,2020-02-12,197.67,84.45,109.97,77.11,2020,2,12,7,2,7,15.825,13.1875,10.475
742,2020-02-13,198.27,85.02,111.64,74.24,2020,2,13,7,3,7,14.9,11.921875,9.9
743,2020-02-14,201.01,84.3,103.99,73.26,2020,2,14,7,4,7,16.175,13.228125,10.6
744,2020-02-15,153.83,84.16,97.63,67.03,2020,2,15,7,5,7,19.225,15.596874999999999,12.175
745,2020-02-16,132.46,74.43,85.7,83.08,2020,2,16,7,6,7,13.225000000000001,6.270833333333334,3.05
746,2020-02-17,86.45,80.43,85.15,91.7,2020,2,17,8,0,8,3.65,2.0239583333333333,0.55
747,2020-02-18,194.37,80.37,115.3,89.34,2020,2,18,8,1,8,7.225,4.505208333333333,0.9749999999999999
748,2020-02-19,200.18,83.33,127.68,84.65,2020,2,19,8,2,8,10.075,6.571875,2.925
749,2020-02-20,192.29,80.65,116.47,83.48,2020,2,20,8,3,8,13.175,9.375,6.025
750,2020-02-21,198.25,79.8,137.03,76.18,2020,2,21,8,4,8,15.650000000000002,11.919791666666667,6.499999999999999
751,2020-02-22,162.12,75.94,93.11,78.85,2020,2,22,8,5,8,14.024999999999999,10.9875,6.8999999999999995
752,2020-02-23,200.38,74.51,120.64,79.97,2020,2,23,8,6,8,10.95,7.508333333333333,5.05
753,2020-02-24,155.39,83.7,88.62,74.34,2020,2,24,9,0,9,15.725000000000001,11.4,5.125
754,2020-02-25,155.02,83.73,88.74,71.42,2020,2,25,9,1,9,18.0,15.889583333333334,12.5
755,2020-02-26,154.11,84.27,99.48,77.24,2020,2,26,9,2,9,13.5,11.965625000000001,9.175
756,2020-02-27,157.68,80.86,103.72,77.31,2020,2,27,9,3,9,12.950000000000001,9.792708333333332,6.699999999999999
757,2020-02-28,201.64,85.15,124.59,81.35,2020,2,28,9,4,9,11.225000000000001,10.013541666666667,8.325
758,2020-02-29,158.72,83.67,114.51,73.92,2020,2,29,9,5,9,12.325,11.620833333333334,10.975000000000001
759,2020-03-01,145.93,85.5,95.31,73.4,2020,3,1,9,6,9,13.174999999999999,11.922916666666666,9.399999999999999
760,2020-03-02,143.09,74.85,94.48,82.43,2020,3,2,10,0,10,10.200000000000001,8.440625,6.375
761,2020-03-03,156.19,86.01,106.85,75.89,2020,3,3,10,1,10,13.35,10.432065217391303,6.550000000000001
762,2020-03-04,88.22,83.84,87.07,83.86,2020,3,4,10,2,10,11.2,8.740625,4.85
763,2020-03-05,157.4,82.47,102.69,84.14,2020,3,5,10,3,10,8.625,6.069791666666666,3.925
764,2020-03-06,221.17,87.15,113.25,80.92,2020,3,6,10,4,10,11.625,7.917708333333334,4.275
765,2020-03-07,137.51,85.88,104.61,75.73,2020,3,7,10,5,10,11.425,10.366666666666667,8.925
766,2020-03-08,145.87,78.59,90.18,72.06,2020,3,8,10,6,10,15.1,11.482291666666667,7.625
767,2020-03-09,157.81,85.42,93.23,75.73,2020,3,9,11,0,11,14.35,12.775,11.05
768,2020-03-10,88.57,81.78,87.07,83.12,2020,3,10,11,1,11,13.725,10.2875,7.5249999999999995
769,2020-03-11,164.95,81.68,102.5,83.45,2020,3,11,11,2,11,11.05,8.304166666666667,5.925
770,2020-03-12,216.96,86.16,114.02,78.87,2020,3,12,11,3,11,13.375000000000002,9.138541666666665,4.3
771,2020-03-13,159.09,87.07,97.6,75.16,2020,3,13,11,4,11,13.95,11.313541666666666,8.725
772,2020-03-14,139.45,81.36,93.38,81.39,2020,3,14,11,5,11,10.325,8.089583333333334,5.7
773,2020-03-15,162.69,78.86,90.06,75.76,2020,3,15,11,6,11,14.925,10.744791666666668,6.65
774,2020-03-16,218.77,77.58,129.39,81.51,2020,3,16,12,0,12,10.1,6.949999999999999,4.15
775,2020-03-17,225.54,81.08,122.75,77.26,2020,3,17,12,1,12,16.475,11.242708333333331,5.975
776,2020-03-18,221.85,85.22,127.3,72.57,2020,3,18,12,2,12,16.725,13.019791666666666,8.575
777,2020-03-19,141.9,82.46,98.71,79.57,2020,3,19,12,3,12,18.525,13.013541666666667,9.55
778,2020-03-20,166.63,85.36,115.6,76.89,2020,3,20,12,4,12,14.675,11.053125,6.125
779,2020-03-21,162.69,79.72,113.12,69.13,2020,3,21,12,5,12,19.425,15.453125,9.675
780,2020-03-22,153.21,75.74,121.06,68.16,2020,3,22,12,6,12,18.325,15.554166666666667,12.350000000000001
781,2020-03-23,190.9,85.59,127.58,74.08,2020,3,23,13,0,13,16.725,13.154166666666665,9.6
782,2020-03-24,183.8,84.62,130.02,74.77,2020,3,24,13,1,13,15.55,12.601041666666667,9.725
783,2020-03-25,163.84,79.89,115.76,67.58,2020,3,25,13,2,13,19.0,14.929166666666667,10.05
784,2020-03-26,137.99,78.69,112.05,70.87,2020,3,26,13,3,13,18.8,16.72083333333333,15.0
785,2020-03-27,141.76,80.01,95.49,71.5,2020,3,27,13,4,13,17.85,13.420833333333334,9.25
786,2020-03-28,228.52,81.65,126.56,77.13,2020,3,28,13,5,13,10.275,9.042708333333334,7.324999999999999
787,2020-03-29,217.44,84.66,133.76,71.54,2020,3,29,13,6,13,14.25,11.054166666666667,7.325
788,2020-03-30,218.2,87.57,149.84,72.57,2020,3,30,14,0,14,15.475,13.209873188405798,11.225000000000001
789,2020-03-31,221.11,87.25,129.67,71.36,2020,3,31,14,1,14,16.775,13.730797101449276,11.225000000000001
790,2020-04-01,188.96,77.39,103.77,75.4,2020,4,1,14,2,14,15.975,12.035416666666666,9.025
791,2020-04-02,223.66,67.61,124.76,75.42,2020,4,2,14,3,14,14.925,11.875,9.525
792,2020-04-03,220.37,76.84,117.84,75.03,2020,4,3,14,4,14,15.825,12.838541666666668,10.600000000000001
793,2020-04-04,130.19,57.22,98.3,74.64,2020,4,4,14,5,14,18.125,12.368749999999999,7.9
794,2020-04-05,127.09,51.82,83.48,76.56,2020,4,5,14,6,14,12.850000000000001,9.813541666666667,7.625
795,2020-04-06,218.1,68.21,124.51,73.34,2020,4,6,15,0,15,14.5,10.705208333333333,6.6
796,2020-04-07,220.61,66.61,125.01,75.51,2020,4,7,15,1,15,17.75,13.329166666666667,9.625
797,2020-04-08,217.11,67.61,125.72,73.14,2020,4,8,15,2,15,16.225,13.139583333333334,10.2
798,2020-04-09,220.82,67.61,131.84,74.24,2020,4,9,15,3,15,15.675,12.322916666666666,9.600000000000001
799,2020-04-10,222.82,67.61,132.1,72.45,2020,4,10,15,4,15,15.825,12.891666666666667,10.100000000000001
800,2020-04-11,220.31,82.93,146.26,74.41,2020,4,11,15,5,15,15.7,12.389583333333334,9.525
801,2020-04-12,221.07,50.87,108.81,76.31,2020,4,12,15,6,15,11.425,9.688541666666666,7.875
802,2020-04-13,217.72,73.93,106.6,78.57,2020,4,13,16,0,16,13.025,11.098958333333334,8.875
803,2020-04-14,211.64,77.1,131.06,71.75,2020,4,14,16,1,16,17.0,12.941666666666668,8.275
804,2020-04-15,233.13,82.68,146.15,72.96,2020,4,15,16,2,16,16.55,13.296875,10.6
805,2020-04-16,214.46,76.93,106.1,68.72,2020,4,16,16,3,16,18.95,14.764583333333333,9.899999999999999
806,2020-04-17,218.75,76.57,101.41,71.96,2020,4,17,16,4,16,17.650000000000002,15.579166666666666,13.5
807,2020-04-18,226.22,68.69,125.79,70.04,2020,4,18,16,5,16,16.075,13.135416666666668,10.8
808,2020-04-19,231.83,85.77,137.23,69.58,2020,4,19,16,6,16,15.250000000000002,13.223958333333334,10.675
809,2020-04-20,221.07,74.0,124.68,69.3,2020,4,20,17,0,17,17.75,13.991666666666667,11.374999999999998
810,2020-04-21,132.07,79.59,95.35,73.88,2020,4,21,17,1,17,16.175,12.85,9.7
811,2020-04-22,216.96,84.25,140.42,75.97,2020,4,22,17,2,17,14.15,10.577083333333334,7.924999999999999
812,2020-04-23,220.11,73.91,152.09,77.19,2020,4,23,17,3,17,14.0,10.535416666666666,7.8
813,2020-04-24,221.2,70.33,171.41,74.99,2020,4,24,17,4,17,16.875,12.347916666666666,7.875000000000001
814,2020-04-25,226.24,52.19,142.22,68.53,2020,4,25,17,5,17,19.325,15.629166666666666,9.975
815,2020-04-26,226.57,119.26,184.07,68.14,2020,4,26,17,6,17,17.75,13.982291666666667,11.175
816,2020-04-27,226.19,120.42,183.84,69.56,2020,4,27,18,0,18,17.275,14.366666666666665,11.275
817,2020-04-28,226.79,117.22,187.98,72.75,2020,4,28,18,1,18,19.125,14.392708333333333,10.5
818,2020-04-29,218.34,57.02,143.61,71.97,2020,4,29,18,2,18,18.75,14.934375000000001,10.55
819,2020-04-30,138.61,56.64,83.45,65.19,2020,4,30,18,3,18,21.825,17.84583333333333,12.625
820,2020-05-01,121.4,56.99,90.9,64.73,2020,5,1,18,4,18,22.849999999999998,19.802840909090907,17.799999999999997
821,2020-05-02,114.45,53.38,87.19,63.77,2020,5,2,18,5,18,21.3,18.966666666666665,17.375
822,2020-05-03,214.3,55.4,122.29,62.23,2020,5,3,18,6,18,20.425,18.216666666666665,16.2
823,2020-05-04,194.2,75.24,105.27,64.4,2020,5,4,19,0,19,21.325000000000003,17.931250000000002,15.45
824,2020-05-05,209.14,56.62,124.66,62.65,2020,5,5,19,1,19,21.3,17.66979166666667,15.2
825,2020-05-06,212.39,58.69,149.9,65.15,2020,5,6,19,2,19,22.8,19.110416666666666,16.125
826,2020-05-07,208.15,61.39,123.61,66.33,2020,5,7,19,3,19,22.475,18.38854166666667,14.725
827,2020-05-08,195.25,60.53,102.19,61.98,2020,5,8,19,4,19,23.224999999999998,19.40625,15.2
828,2020-05-09,111.72,56.95,86.75,61.38,2020,5,9,19,5,19,21.225,18.872916666666665,15.274999999999999
829,2020-05-10,114.58,55.8,92.97,62.63,2020,5,10,19,6,19,17.75,15.840625,14.200000000000001
830,2020-05-11,211.42,80.65,131.47,65.17,2020,5,11,20,0,20,20.75,16.8875,13.925
831,2020-05-12,195.37,66.03,103.17,64.74,2020,5,12,20,1,20,22.424999999999997,17.805208333333333,14.475
832,2020-05-13,227.81,61.88,111.68,66.7,2020,5,13,20,2,20,20.5,16.911458333333336,12.999999999999998
833,2020-05-14,193.28,66.78,100.46,62.7,2020,5,14,20,3,20,22.624999999999996,18.710416666666667,13.799999999999999
834,2020-05-15,198.23,61.81,102.38,64.91,2020,5,15,20,4,20,22.3,19.930208333333333,18.475
835,2020-05-16,220.91,88.5,121.19,61.75,2020,5,16,20,5,20,19.85,17.560416666666665,15.5
836,2020-05-17,207.75,65.78,116.82,61.55,2020,5,17,20,6,20,20.275,17.070833333333333,14.100000000000001
837,2020-05-18,113.31,66.86,98.98,63.91,2020,5,18,21,0,21,23.35,19.20520833333333,16.175
